WARNING - 2026-04-29 09:41:43 --> [DEPRECATED] Passing lowercase HTTP method "get" is deprecated. Use uppercase HTTP method like "GET". in SYSTEMPATH\Router\RouteCollection.php on line 1026.
 1 SYSTEMPATH\Router\RouteCollection.php(1026): trigger_error('Passing lowercase HTTP method "get" is deprecated. Use uppercase HTTP method like "GET".', 16384)
 2 APPPATH\Config\Routes.php(304): CodeIgniter\Router\RouteCollection->match([...], 'gingembre/saveGeneric', 'salle_2\\Salle2AdminController::saveGeneric')
 3 SYSTEMPATH\Router\RouteCollection.php(339): require('C:\\wamp64\\www\\ProjetMadeInValDeLoire\\app\\Config\\Routes.php')
 4 SYSTEMPATH\CodeIgniter.php(821): CodeIgniter\Router\RouteCollection->loadRoutes()
 5 SYSTEMPATH\CodeIgniter.php(455): CodeIgniter\CodeIgniter->tryToRouteIt(null)
 6 SYSTEMPATH\CodeIgniter.php(354): CodeIgniter\CodeIgniter->handleRequest(null, Object(Config\Cache), false)
 7 SYSTEMPATH\Boot.php(363): CodeIgniter\CodeIgniter->run()
 8 SYSTEMPATH\Boot.php(68): CodeIgniter\Boot::runCodeIgniter(Object(CodeIgniter\CodeIgniter))
 9 FCPATH\index.php(59): CodeIgniter\Boot::bootWeb(Object(Config\Paths))
WARNING - 2026-04-29 09:41:43 --> [DEPRECATED] Passing lowercase HTTP method "post" is deprecated. Use uppercase HTTP method like "POST". in SYSTEMPATH\Router\RouteCollection.php on line 1026.
 1 SYSTEMPATH\Router\RouteCollection.php(1026): trigger_error('Passing lowercase HTTP method "post" is deprecated. Use uppercase HTTP method like "POST".', 16384)
 2 APPPATH\Config\Routes.php(304): CodeIgniter\Router\RouteCollection->match([...], 'gingembre/saveGeneric', 'salle_2\\Salle2AdminController::saveGeneric')
 3 SYSTEMPATH\Router\RouteCollection.php(339): require('C:\\wamp64\\www\\ProjetMadeInValDeLoire\\app\\Config\\Routes.php')
 4 SYSTEMPATH\CodeIgniter.php(821): CodeIgniter\Router\RouteCollection->loadRoutes()
 5 SYSTEMPATH\CodeIgniter.php(455): CodeIgniter\CodeIgniter->tryToRouteIt(null)
 6 SYSTEMPATH\CodeIgniter.php(354): CodeIgniter\CodeIgniter->handleRequest(null, Object(Config\Cache), false)
 7 SYSTEMPATH\Boot.php(363): CodeIgniter\CodeIgniter->run()
 8 SYSTEMPATH\Boot.php(68): CodeIgniter\Boot::runCodeIgniter(Object(CodeIgniter\CodeIgniter))
 9 FCPATH\index.php(59): CodeIgniter\Boot::bootWeb(Object(Config\Paths))
WARNING - 2026-04-29 09:41:43 --> [DEPRECATED] Passing lowercase HTTP method "get" is deprecated. Use uppercase HTTP method like "GET". in SYSTEMPATH\Router\RouteCollection.php on line 1026.
 1 SYSTEMPATH\Router\RouteCollection.php(1026): trigger_error('Passing lowercase HTTP method "get" is deprecated. Use uppercase HTTP method like "GET".', 16384)
 2 APPPATH\Config\Routes.php(320): CodeIgniter\Router\RouteCollection->match([...], 'demarrer/(:segment)', 'Quiz\\QuizControlleur::choix/$1')
 3 SYSTEMPATH\Router\RouteCollection.php(799): CodeIgniter\Router\RouteCollection->{closure:C:\wamp64\www\ProjetMadeInValDeLoire\app\Config\Routes.php:318}(Object(CodeIgniter\Router\RouteCollection))
 4 APPPATH\Config\Routes.php(318): CodeIgniter\Router\RouteCollection->group('quiz', Object(Closure))
 5 SYSTEMPATH\Router\RouteCollection.php(339): require('C:\\wamp64\\www\\ProjetMadeInValDeLoire\\app\\Config\\Routes.php')
 6 SYSTEMPATH\CodeIgniter.php(821): CodeIgniter\Router\RouteCollection->loadRoutes()
 7 SYSTEMPATH\CodeIgniter.php(455): CodeIgniter\CodeIgniter->tryToRouteIt(null)
 8 SYSTEMPATH\CodeIgniter.php(354): CodeIgniter\CodeIgniter->handleRequest(null, Object(Config\Cache), false)
 9 SYSTEMPATH\Boot.php(363): CodeIgniter\CodeIgniter->run()
10 SYSTEMPATH\Boot.php(68): CodeIgniter\Boot::runCodeIgniter(Object(CodeIgniter\CodeIgniter))
11 FCPATH\index.php(59): CodeIgniter\Boot::bootWeb(Object(Config\Paths))
WARNING - 2026-04-29 09:41:43 --> [DEPRECATED] Passing lowercase HTTP method "post" is deprecated. Use uppercase HTTP method like "POST". in SYSTEMPATH\Router\RouteCollection.php on line 1026.
 1 SYSTEMPATH\Router\RouteCollection.php(1026): trigger_error('Passing lowercase HTTP method "post" is deprecated. Use uppercase HTTP method like "POST".', 16384)
 2 APPPATH\Config\Routes.php(320): CodeIgniter\Router\RouteCollection->match([...], 'demarrer/(:segment)', 'Quiz\\QuizControlleur::choix/$1')
 3 SYSTEMPATH\Router\RouteCollection.php(799): CodeIgniter\Router\RouteCollection->{closure:C:\wamp64\www\ProjetMadeInValDeLoire\app\Config\Routes.php:318}(Object(CodeIgniter\Router\RouteCollection))
 4 APPPATH\Config\Routes.php(318): CodeIgniter\Router\RouteCollection->group('quiz', Object(Closure))
 5 SYSTEMPATH\Router\RouteCollection.php(339): require('C:\\wamp64\\www\\ProjetMadeInValDeLoire\\app\\Config\\Routes.php')
 6 SYSTEMPATH\CodeIgniter.php(821): CodeIgniter\Router\RouteCollection->loadRoutes()
 7 SYSTEMPATH\CodeIgniter.php(455): CodeIgniter\CodeIgniter->tryToRouteIt(null)
 8 SYSTEMPATH\CodeIgniter.php(354): CodeIgniter\CodeIgniter->handleRequest(null, Object(Config\Cache), false)
 9 SYSTEMPATH\Boot.php(363): CodeIgniter\CodeIgniter->run()
10 SYSTEMPATH\Boot.php(68): CodeIgniter\Boot::runCodeIgniter(Object(CodeIgniter\CodeIgniter))
11 FCPATH\index.php(59): CodeIgniter\Boot::bootWeb(Object(Config\Paths))
WARNING - 2026-04-29 09:41:43 --> [DEPRECATED] Passing lowercase HTTP method "get" is deprecated. Use uppercase HTTP method like "GET". in SYSTEMPATH\Router\RouteCollection.php on line 1026.
 1 SYSTEMPATH\Router\RouteCollection.php(1026): trigger_error('Passing lowercase HTTP method "get" is deprecated. Use uppercase HTTP method like "GET".', 16384)
 2 APPPATH\Config\Routes.php(342): CodeIgniter\Router\RouteCollection->match([...], 'Etape2', 'salle_2\\Salle2Controller::Etape2')
 3 SYSTEMPATH\Router\RouteCollection.php(799): CodeIgniter\Router\RouteCollection->{closure:C:\wamp64\www\ProjetMadeInValDeLoire\app\Config\Routes.php:335}(Object(CodeIgniter\Router\RouteCollection))
 4 APPPATH\Config\Routes.php(335): CodeIgniter\Router\RouteCollection->group('Salle2', Object(Closure))
 5 SYSTEMPATH\Router\RouteCollection.php(339): require('C:\\wamp64\\www\\ProjetMadeInValDeLoire\\app\\Config\\Routes.php')
 6 SYSTEMPATH\CodeIgniter.php(821): CodeIgniter\Router\RouteCollection->loadRoutes()
 7 SYSTEMPATH\CodeIgniter.php(455): CodeIgniter\CodeIgniter->tryToRouteIt(null)
 8 SYSTEMPATH\CodeIgniter.php(354): CodeIgniter\CodeIgniter->handleRequest(null, Object(Config\Cache), false)
 9 SYSTEMPATH\Boot.php(363): CodeIgniter\CodeIgniter->run()
10 SYSTEMPATH\Boot.php(68): CodeIgniter\Boot::runCodeIgniter(Object(CodeIgniter\CodeIgniter))
11 FCPATH\index.php(59): CodeIgniter\Boot::bootWeb(Object(Config\Paths))
WARNING - 2026-04-29 09:41:43 --> [DEPRECATED] Passing lowercase HTTP method "post" is deprecated. Use uppercase HTTP method like "POST". in SYSTEMPATH\Router\RouteCollection.php on line 1026.
 1 SYSTEMPATH\Router\RouteCollection.php(1026): trigger_error('Passing lowercase HTTP method "post" is deprecated. Use uppercase HTTP method like "POST".', 16384)
 2 APPPATH\Config\Routes.php(342): CodeIgniter\Router\RouteCollection->match([...], 'Etape2', 'salle_2\\Salle2Controller::Etape2')
 3 SYSTEMPATH\Router\RouteCollection.php(799): CodeIgniter\Router\RouteCollection->{closure:C:\wamp64\www\ProjetMadeInValDeLoire\app\Config\Routes.php:335}(Object(CodeIgniter\Router\RouteCollection))
 4 APPPATH\Config\Routes.php(335): CodeIgniter\Router\RouteCollection->group('Salle2', Object(Closure))
 5 SYSTEMPATH\Router\RouteCollection.php(339): require('C:\\wamp64\\www\\ProjetMadeInValDeLoire\\app\\Config\\Routes.php')
 6 SYSTEMPATH\CodeIgniter.php(821): CodeIgniter\Router\RouteCollection->loadRoutes()
 7 SYSTEMPATH\CodeIgniter.php(455): CodeIgniter\CodeIgniter->tryToRouteIt(null)
 8 SYSTEMPATH\CodeIgniter.php(354): CodeIgniter\CodeIgniter->handleRequest(null, Object(Config\Cache), false)
 9 SYSTEMPATH\Boot.php(363): CodeIgniter\CodeIgniter->run()
10 SYSTEMPATH\Boot.php(68): CodeIgniter\Boot::runCodeIgniter(Object(CodeIgniter\CodeIgniter))
11 FCPATH\index.php(59): CodeIgniter\Boot::bootWeb(Object(Config\Paths))
WARNING - 2026-04-29 09:41:43 --> [DEPRECATED] Passing lowercase HTTP method "get" is deprecated. Use uppercase HTTP method like "GET". in SYSTEMPATH\Router\RouteCollection.php on line 1026.
 1 SYSTEMPATH\Router\RouteCollection.php(1026): trigger_error('Passing lowercase HTTP method "get" is deprecated. Use uppercase HTTP method like "GET".', 16384)
 2 APPPATH\Config\Routes.php(343): CodeIgniter\Router\RouteCollection->match([...], 'Etape2a', 'salle_2\\Salle2Controller::Etape2a')
 3 SYSTEMPATH\Router\RouteCollection.php(799): CodeIgniter\Router\RouteCollection->{closure:C:\wamp64\www\ProjetMadeInValDeLoire\app\Config\Routes.php:335}(Object(CodeIgniter\Router\RouteCollection))
 4 APPPATH\Config\Routes.php(335): CodeIgniter\Router\RouteCollection->group('Salle2', Object(Closure))
 5 SYSTEMPATH\Router\RouteCollection.php(339): require('C:\\wamp64\\www\\ProjetMadeInValDeLoire\\app\\Config\\Routes.php')
 6 SYSTEMPATH\CodeIgniter.php(821): CodeIgniter\Router\RouteCollection->loadRoutes()
 7 SYSTEMPATH\CodeIgniter.php(455): CodeIgniter\CodeIgniter->tryToRouteIt(null)
 8 SYSTEMPATH\CodeIgniter.php(354): CodeIgniter\CodeIgniter->handleRequest(null, Object(Config\Cache), false)
 9 SYSTEMPATH\Boot.php(363): CodeIgniter\CodeIgniter->run()
10 SYSTEMPATH\Boot.php(68): CodeIgniter\Boot::runCodeIgniter(Object(CodeIgniter\CodeIgniter))
11 FCPATH\index.php(59): CodeIgniter\Boot::bootWeb(Object(Config\Paths))
WARNING - 2026-04-29 09:41:43 --> [DEPRECATED] Passing lowercase HTTP method "post" is deprecated. Use uppercase HTTP method like "POST". in SYSTEMPATH\Router\RouteCollection.php on line 1026.
 1 SYSTEMPATH\Router\RouteCollection.php(1026): trigger_error('Passing lowercase HTTP method "post" is deprecated. Use uppercase HTTP method like "POST".', 16384)
 2 APPPATH\Config\Routes.php(343): CodeIgniter\Router\RouteCollection->match([...], 'Etape2a', 'salle_2\\Salle2Controller::Etape2a')
 3 SYSTEMPATH\Router\RouteCollection.php(799): CodeIgniter\Router\RouteCollection->{closure:C:\wamp64\www\ProjetMadeInValDeLoire\app\Config\Routes.php:335}(Object(CodeIgniter\Router\RouteCollection))
 4 APPPATH\Config\Routes.php(335): CodeIgniter\Router\RouteCollection->group('Salle2', Object(Closure))
 5 SYSTEMPATH\Router\RouteCollection.php(339): require('C:\\wamp64\\www\\ProjetMadeInValDeLoire\\app\\Config\\Routes.php')
 6 SYSTEMPATH\CodeIgniter.php(821): CodeIgniter\Router\RouteCollection->loadRoutes()
 7 SYSTEMPATH\CodeIgniter.php(455): CodeIgniter\CodeIgniter->tryToRouteIt(null)
 8 SYSTEMPATH\CodeIgniter.php(354): CodeIgniter\CodeIgniter->handleRequest(null, Object(Config\Cache), false)
 9 SYSTEMPATH\Boot.php(363): CodeIgniter\CodeIgniter->run()
10 SYSTEMPATH\Boot.php(68): CodeIgniter\Boot::runCodeIgniter(Object(CodeIgniter\CodeIgniter))
11 FCPATH\index.php(59): CodeIgniter\Boot::bootWeb(Object(Config\Paths))
WARNING - 2026-04-29 09:41:43 --> [DEPRECATED] Passing lowercase HTTP method "get" is deprecated. Use uppercase HTTP method like "GET". in SYSTEMPATH\Router\RouteCollection.php on line 1026.
 1 SYSTEMPATH\Router\RouteCollection.php(1026): trigger_error('Passing lowercase HTTP method "get" is deprecated. Use uppercase HTTP method like "GET".', 16384)
 2 APPPATH\Config\Routes.php(344): CodeIgniter\Router\RouteCollection->match([...], 'Etape3', 'salle_2\\Salle2Controller::Etape3')
 3 SYSTEMPATH\Router\RouteCollection.php(799): CodeIgniter\Router\RouteCollection->{closure:C:\wamp64\www\ProjetMadeInValDeLoire\app\Config\Routes.php:335}(Object(CodeIgniter\Router\RouteCollection))
 4 APPPATH\Config\Routes.php(335): CodeIgniter\Router\RouteCollection->group('Salle2', Object(Closure))
 5 SYSTEMPATH\Router\RouteCollection.php(339): require('C:\\wamp64\\www\\ProjetMadeInValDeLoire\\app\\Config\\Routes.php')
 6 SYSTEMPATH\CodeIgniter.php(821): CodeIgniter\Router\RouteCollection->loadRoutes()
 7 SYSTEMPATH\CodeIgniter.php(455): CodeIgniter\CodeIgniter->tryToRouteIt(null)
 8 SYSTEMPATH\CodeIgniter.php(354): CodeIgniter\CodeIgniter->handleRequest(null, Object(Config\Cache), false)
 9 SYSTEMPATH\Boot.php(363): CodeIgniter\CodeIgniter->run()
10 SYSTEMPATH\Boot.php(68): CodeIgniter\Boot::runCodeIgniter(Object(CodeIgniter\CodeIgniter))
11 FCPATH\index.php(59): CodeIgniter\Boot::bootWeb(Object(Config\Paths))
WARNING - 2026-04-29 09:41:43 --> [DEPRECATED] Passing lowercase HTTP method "post" is deprecated. Use uppercase HTTP method like "POST". in SYSTEMPATH\Router\RouteCollection.php on line 1026.
 1 SYSTEMPATH\Router\RouteCollection.php(1026): trigger_error('Passing lowercase HTTP method "post" is deprecated. Use uppercase HTTP method like "POST".', 16384)
 2 APPPATH\Config\Routes.php(344): CodeIgniter\Router\RouteCollection->match([...], 'Etape3', 'salle_2\\Salle2Controller::Etape3')
 3 SYSTEMPATH\Router\RouteCollection.php(799): CodeIgniter\Router\RouteCollection->{closure:C:\wamp64\www\ProjetMadeInValDeLoire\app\Config\Routes.php:335}(Object(CodeIgniter\Router\RouteCollection))
 4 APPPATH\Config\Routes.php(335): CodeIgniter\Router\RouteCollection->group('Salle2', Object(Closure))
 5 SYSTEMPATH\Router\RouteCollection.php(339): require('C:\\wamp64\\www\\ProjetMadeInValDeLoire\\app\\Config\\Routes.php')
 6 SYSTEMPATH\CodeIgniter.php(821): CodeIgniter\Router\RouteCollection->loadRoutes()
 7 SYSTEMPATH\CodeIgniter.php(455): CodeIgniter\CodeIgniter->tryToRouteIt(null)
 8 SYSTEMPATH\CodeIgniter.php(354): CodeIgniter\CodeIgniter->handleRequest(null, Object(Config\Cache), false)
 9 SYSTEMPATH\Boot.php(363): CodeIgniter\CodeIgniter->run()
10 SYSTEMPATH\Boot.php(68): CodeIgniter\Boot::runCodeIgniter(Object(CodeIgniter\CodeIgniter))
11 FCPATH\index.php(59): CodeIgniter\Boot::bootWeb(Object(Config\Paths))
WARNING - 2026-04-29 09:41:43 --> [DEPRECATED] Passing lowercase HTTP method "get" is deprecated. Use uppercase HTTP method like "GET". in SYSTEMPATH\Router\RouteCollection.php on line 1026.
 1 SYSTEMPATH\Router\RouteCollection.php(1026): trigger_error('Passing lowercase HTTP method "get" is deprecated. Use uppercase HTTP method like "GET".', 16384)
 2 APPPATH\Config\Routes.php(348): CodeIgniter\Router\RouteCollection->match([...], 'Etape5', 'salle_2\\Salle2Controller::Etape5')
 3 SYSTEMPATH\Router\RouteCollection.php(799): CodeIgniter\Router\RouteCollection->{closure:C:\wamp64\www\ProjetMadeInValDeLoire\app\Config\Routes.php:335}(Object(CodeIgniter\Router\RouteCollection))
 4 APPPATH\Config\Routes.php(335): CodeIgniter\Router\RouteCollection->group('Salle2', Object(Closure))
 5 SYSTEMPATH\Router\RouteCollection.php(339): require('C:\\wamp64\\www\\ProjetMadeInValDeLoire\\app\\Config\\Routes.php')
 6 SYSTEMPATH\CodeIgniter.php(821): CodeIgniter\Router\RouteCollection->loadRoutes()
 7 SYSTEMPATH\CodeIgniter.php(455): CodeIgniter\CodeIgniter->tryToRouteIt(null)
 8 SYSTEMPATH\CodeIgniter.php(354): CodeIgniter\CodeIgniter->handleRequest(null, Object(Config\Cache), false)
 9 SYSTEMPATH\Boot.php(363): CodeIgniter\CodeIgniter->run()
10 SYSTEMPATH\Boot.php(68): CodeIgniter\Boot::runCodeIgniter(Object(CodeIgniter\CodeIgniter))
11 FCPATH\index.php(59): CodeIgniter\Boot::bootWeb(Object(Config\Paths))
WARNING - 2026-04-29 09:41:43 --> [DEPRECATED] Passing lowercase HTTP method "post" is deprecated. Use uppercase HTTP method like "POST". in SYSTEMPATH\Router\RouteCollection.php on line 1026.
 1 SYSTEMPATH\Router\RouteCollection.php(1026): trigger_error('Passing lowercase HTTP method "post" is deprecated. Use uppercase HTTP method like "POST".', 16384)
 2 APPPATH\Config\Routes.php(348): CodeIgniter\Router\RouteCollection->match([...], 'Etape5', 'salle_2\\Salle2Controller::Etape5')
 3 SYSTEMPATH\Router\RouteCollection.php(799): CodeIgniter\Router\RouteCollection->{closure:C:\wamp64\www\ProjetMadeInValDeLoire\app\Config\Routes.php:335}(Object(CodeIgniter\Router\RouteCollection))
 4 APPPATH\Config\Routes.php(335): CodeIgniter\Router\RouteCollection->group('Salle2', Object(Closure))
 5 SYSTEMPATH\Router\RouteCollection.php(339): require('C:\\wamp64\\www\\ProjetMadeInValDeLoire\\app\\Config\\Routes.php')
 6 SYSTEMPATH\CodeIgniter.php(821): CodeIgniter\Router\RouteCollection->loadRoutes()
 7 SYSTEMPATH\CodeIgniter.php(455): CodeIgniter\CodeIgniter->tryToRouteIt(null)
 8 SYSTEMPATH\CodeIgniter.php(354): CodeIgniter\CodeIgniter->handleRequest(null, Object(Config\Cache), false)
 9 SYSTEMPATH\Boot.php(363): CodeIgniter\CodeIgniter->run()
10 SYSTEMPATH\Boot.php(68): CodeIgniter\Boot::runCodeIgniter(Object(CodeIgniter\CodeIgniter))
11 FCPATH\index.php(59): CodeIgniter\Boot::bootWeb(Object(Config\Paths))
DEBUG - 2026-04-29 09:41:43 --> Session: Class initialized using 'CodeIgniter\Session\Handlers\FileHandler' driver.
WARNING - 2026-04-29 09:41:43 --> [DEPRECATED] Passing lowercase HTTP method "get" is deprecated. Use uppercase HTTP method like "GET". in SYSTEMPATH\Router\RouteCollection.php on line 1026.
 1 SYSTEMPATH\Router\RouteCollection.php(1026): trigger_error('Passing lowercase HTTP method "get" is deprecated. Use uppercase HTTP method like "GET".', 16384)
 2 APPPATH\Config\Routes.php(304): CodeIgniter\Router\RouteCollection->match([...], 'gingembre/saveGeneric', 'salle_2\\Salle2AdminController::saveGeneric')
 3 SYSTEMPATH\Router\RouteCollection.php(339): require('C:\\wamp64\\www\\ProjetMadeInValDeLoire\\app\\Config\\Routes.php')
 4 SYSTEMPATH\CodeIgniter.php(821): CodeIgniter\Router\RouteCollection->loadRoutes()
 5 SYSTEMPATH\CodeIgniter.php(455): CodeIgniter\CodeIgniter->tryToRouteIt(null)
 6 SYSTEMPATH\CodeIgniter.php(354): CodeIgniter\CodeIgniter->handleRequest(null, Object(Config\Cache), false)
 7 SYSTEMPATH\Boot.php(363): CodeIgniter\CodeIgniter->run()
 8 SYSTEMPATH\Boot.php(68): CodeIgniter\Boot::runCodeIgniter(Object(CodeIgniter\CodeIgniter))
 9 FCPATH\index.php(59): CodeIgniter\Boot::bootWeb(Object(Config\Paths))
WARNING - 2026-04-29 09:41:43 --> [DEPRECATED] Passing lowercase HTTP method "post" is deprecated. Use uppercase HTTP method like "POST". in SYSTEMPATH\Router\RouteCollection.php on line 1026.
 1 SYSTEMPATH\Router\RouteCollection.php(1026): trigger_error('Passing lowercase HTTP method "post" is deprecated. Use uppercase HTTP method like "POST".', 16384)
 2 APPPATH\Config\Routes.php(304): CodeIgniter\Router\RouteCollection->match([...], 'gingembre/saveGeneric', 'salle_2\\Salle2AdminController::saveGeneric')
 3 SYSTEMPATH\Router\RouteCollection.php(339): require('C:\\wamp64\\www\\ProjetMadeInValDeLoire\\app\\Config\\Routes.php')
 4 SYSTEMPATH\CodeIgniter.php(821): CodeIgniter\Router\RouteCollection->loadRoutes()
 5 SYSTEMPATH\CodeIgniter.php(455): CodeIgniter\CodeIgniter->tryToRouteIt(null)
 6 SYSTEMPATH\CodeIgniter.php(354): CodeIgniter\CodeIgniter->handleRequest(null, Object(Config\Cache), false)
 7 SYSTEMPATH\Boot.php(363): CodeIgniter\CodeIgniter->run()
 8 SYSTEMPATH\Boot.php(68): CodeIgniter\Boot::runCodeIgniter(Object(CodeIgniter\CodeIgniter))
 9 FCPATH\index.php(59): CodeIgniter\Boot::bootWeb(Object(Config\Paths))
WARNING - 2026-04-29 09:41:43 --> [DEPRECATED] Passing lowercase HTTP method "get" is deprecated. Use uppercase HTTP method like "GET". in SYSTEMPATH\Router\RouteCollection.php on line 1026.
 1 SYSTEMPATH\Router\RouteCollection.php(1026): trigger_error('Passing lowercase HTTP method "get" is deprecated. Use uppercase HTTP method like "GET".', 16384)
 2 APPPATH\Config\Routes.php(320): CodeIgniter\Router\RouteCollection->match([...], 'demarrer/(:segment)', 'Quiz\\QuizControlleur::choix/$1')
 3 SYSTEMPATH\Router\RouteCollection.php(799): CodeIgniter\Router\RouteCollection->{closure:C:\wamp64\www\ProjetMadeInValDeLoire\app\Config\Routes.php:318}(Object(CodeIgniter\Router\RouteCollection))
 4 APPPATH\Config\Routes.php(318): CodeIgniter\Router\RouteCollection->group('quiz', Object(Closure))
 5 SYSTEMPATH\Router\RouteCollection.php(339): require('C:\\wamp64\\www\\ProjetMadeInValDeLoire\\app\\Config\\Routes.php')
 6 SYSTEMPATH\CodeIgniter.php(821): CodeIgniter\Router\RouteCollection->loadRoutes()
 7 SYSTEMPATH\CodeIgniter.php(455): CodeIgniter\CodeIgniter->tryToRouteIt(null)
 8 SYSTEMPATH\CodeIgniter.php(354): CodeIgniter\CodeIgniter->handleRequest(null, Object(Config\Cache), false)
 9 SYSTEMPATH\Boot.php(363): CodeIgniter\CodeIgniter->run()
10 SYSTEMPATH\Boot.php(68): CodeIgniter\Boot::runCodeIgniter(Object(CodeIgniter\CodeIgniter))
11 FCPATH\index.php(59): CodeIgniter\Boot::bootWeb(Object(Config\Paths))
WARNING - 2026-04-29 09:41:43 --> [DEPRECATED] Passing lowercase HTTP method "post" is deprecated. Use uppercase HTTP method like "POST". in SYSTEMPATH\Router\RouteCollection.php on line 1026.
 1 SYSTEMPATH\Router\RouteCollection.php(1026): trigger_error('Passing lowercase HTTP method "post" is deprecated. Use uppercase HTTP method like "POST".', 16384)
 2 APPPATH\Config\Routes.php(320): CodeIgniter\Router\RouteCollection->match([...], 'demarrer/(:segment)', 'Quiz\\QuizControlleur::choix/$1')
 3 SYSTEMPATH\Router\RouteCollection.php(799): CodeIgniter\Router\RouteCollection->{closure:C:\wamp64\www\ProjetMadeInValDeLoire\app\Config\Routes.php:318}(Object(CodeIgniter\Router\RouteCollection))
 4 APPPATH\Config\Routes.php(318): CodeIgniter\Router\RouteCollection->group('quiz', Object(Closure))
 5 SYSTEMPATH\Router\RouteCollection.php(339): require('C:\\wamp64\\www\\ProjetMadeInValDeLoire\\app\\Config\\Routes.php')
 6 SYSTEMPATH\CodeIgniter.php(821): CodeIgniter\Router\RouteCollection->loadRoutes()
 7 SYSTEMPATH\CodeIgniter.php(455): CodeIgniter\CodeIgniter->tryToRouteIt(null)
 8 SYSTEMPATH\CodeIgniter.php(354): CodeIgniter\CodeIgniter->handleRequest(null, Object(Config\Cache), false)
 9 SYSTEMPATH\Boot.php(363): CodeIgniter\CodeIgniter->run()
10 SYSTEMPATH\Boot.php(68): CodeIgniter\Boot::runCodeIgniter(Object(CodeIgniter\CodeIgniter))
11 FCPATH\index.php(59): CodeIgniter\Boot::bootWeb(Object(Config\Paths))
WARNING - 2026-04-29 09:41:43 --> [DEPRECATED] Passing lowercase HTTP method "get" is deprecated. Use uppercase HTTP method like "GET". in SYSTEMPATH\Router\RouteCollection.php on line 1026.
 1 SYSTEMPATH\Router\RouteCollection.php(1026): trigger_error('Passing lowercase HTTP method "get" is deprecated. Use uppercase HTTP method like "GET".', 16384)
 2 APPPATH\Config\Routes.php(342): CodeIgniter\Router\RouteCollection->match([...], 'Etape2', 'salle_2\\Salle2Controller::Etape2')
 3 SYSTEMPATH\Router\RouteCollection.php(799): CodeIgniter\Router\RouteCollection->{closure:C:\wamp64\www\ProjetMadeInValDeLoire\app\Config\Routes.php:335}(Object(CodeIgniter\Router\RouteCollection))
 4 APPPATH\Config\Routes.php(335): CodeIgniter\Router\RouteCollection->group('Salle2', Object(Closure))
 5 SYSTEMPATH\Router\RouteCollection.php(339): require('C:\\wamp64\\www\\ProjetMadeInValDeLoire\\app\\Config\\Routes.php')
 6 SYSTEMPATH\CodeIgniter.php(821): CodeIgniter\Router\RouteCollection->loadRoutes()
 7 SYSTEMPATH\CodeIgniter.php(455): CodeIgniter\CodeIgniter->tryToRouteIt(null)
 8 SYSTEMPATH\CodeIgniter.php(354): CodeIgniter\CodeIgniter->handleRequest(null, Object(Config\Cache), false)
 9 SYSTEMPATH\Boot.php(363): CodeIgniter\CodeIgniter->run()
10 SYSTEMPATH\Boot.php(68): CodeIgniter\Boot::runCodeIgniter(Object(CodeIgniter\CodeIgniter))
11 FCPATH\index.php(59): CodeIgniter\Boot::bootWeb(Object(Config\Paths))
WARNING - 2026-04-29 09:41:43 --> [DEPRECATED] Passing lowercase HTTP method "post" is deprecated. Use uppercase HTTP method like "POST". in SYSTEMPATH\Router\RouteCollection.php on line 1026.
 1 SYSTEMPATH\Router\RouteCollection.php(1026): trigger_error('Passing lowercase HTTP method "post" is deprecated. Use uppercase HTTP method like "POST".', 16384)
 2 APPPATH\Config\Routes.php(342): CodeIgniter\Router\RouteCollection->match([...], 'Etape2', 'salle_2\\Salle2Controller::Etape2')
 3 SYSTEMPATH\Router\RouteCollection.php(799): CodeIgniter\Router\RouteCollection->{closure:C:\wamp64\www\ProjetMadeInValDeLoire\app\Config\Routes.php:335}(Object(CodeIgniter\Router\RouteCollection))
 4 APPPATH\Config\Routes.php(335): CodeIgniter\Router\RouteCollection->group('Salle2', Object(Closure))
 5 SYSTEMPATH\Router\RouteCollection.php(339): require('C:\\wamp64\\www\\ProjetMadeInValDeLoire\\app\\Config\\Routes.php')
 6 SYSTEMPATH\CodeIgniter.php(821): CodeIgniter\Router\RouteCollection->loadRoutes()
 7 SYSTEMPATH\CodeIgniter.php(455): CodeIgniter\CodeIgniter->tryToRouteIt(null)
 8 SYSTEMPATH\CodeIgniter.php(354): CodeIgniter\CodeIgniter->handleRequest(null, Object(Config\Cache), false)
 9 SYSTEMPATH\Boot.php(363): CodeIgniter\CodeIgniter->run()
10 SYSTEMPATH\Boot.php(68): CodeIgniter\Boot::runCodeIgniter(Object(CodeIgniter\CodeIgniter))
11 FCPATH\index.php(59): CodeIgniter\Boot::bootWeb(Object(Config\Paths))
WARNING - 2026-04-29 09:41:43 --> [DEPRECATED] Passing lowercase HTTP method "get" is deprecated. Use uppercase HTTP method like "GET". in SYSTEMPATH\Router\RouteCollection.php on line 1026.
 1 SYSTEMPATH\Router\RouteCollection.php(1026): trigger_error('Passing lowercase HTTP method "get" is deprecated. Use uppercase HTTP method like "GET".', 16384)
 2 APPPATH\Config\Routes.php(343): CodeIgniter\Router\RouteCollection->match([...], 'Etape2a', 'salle_2\\Salle2Controller::Etape2a')
 3 SYSTEMPATH\Router\RouteCollection.php(799): CodeIgniter\Router\RouteCollection->{closure:C:\wamp64\www\ProjetMadeInValDeLoire\app\Config\Routes.php:335}(Object(CodeIgniter\Router\RouteCollection))
 4 APPPATH\Config\Routes.php(335): CodeIgniter\Router\RouteCollection->group('Salle2', Object(Closure))
 5 SYSTEMPATH\Router\RouteCollection.php(339): require('C:\\wamp64\\www\\ProjetMadeInValDeLoire\\app\\Config\\Routes.php')
 6 SYSTEMPATH\CodeIgniter.php(821): CodeIgniter\Router\RouteCollection->loadRoutes()
 7 SYSTEMPATH\CodeIgniter.php(455): CodeIgniter\CodeIgniter->tryToRouteIt(null)
 8 SYSTEMPATH\CodeIgniter.php(354): CodeIgniter\CodeIgniter->handleRequest(null, Object(Config\Cache), false)
 9 SYSTEMPATH\Boot.php(363): CodeIgniter\CodeIgniter->run()
10 SYSTEMPATH\Boot.php(68): CodeIgniter\Boot::runCodeIgniter(Object(CodeIgniter\CodeIgniter))
11 FCPATH\index.php(59): CodeIgniter\Boot::bootWeb(Object(Config\Paths))
WARNING - 2026-04-29 09:41:43 --> [DEPRECATED] Passing lowercase HTTP method "post" is deprecated. Use uppercase HTTP method like "POST". in SYSTEMPATH\Router\RouteCollection.php on line 1026.
 1 SYSTEMPATH\Router\RouteCollection.php(1026): trigger_error('Passing lowercase HTTP method "post" is deprecated. Use uppercase HTTP method like "POST".', 16384)
 2 APPPATH\Config\Routes.php(343): CodeIgniter\Router\RouteCollection->match([...], 'Etape2a', 'salle_2\\Salle2Controller::Etape2a')
 3 SYSTEMPATH\Router\RouteCollection.php(799): CodeIgniter\Router\RouteCollection->{closure:C:\wamp64\www\ProjetMadeInValDeLoire\app\Config\Routes.php:335}(Object(CodeIgniter\Router\RouteCollection))
 4 APPPATH\Config\Routes.php(335): CodeIgniter\Router\RouteCollection->group('Salle2', Object(Closure))
 5 SYSTEMPATH\Router\RouteCollection.php(339): require('C:\\wamp64\\www\\ProjetMadeInValDeLoire\\app\\Config\\Routes.php')
 6 SYSTEMPATH\CodeIgniter.php(821): CodeIgniter\Router\RouteCollection->loadRoutes()
 7 SYSTEMPATH\CodeIgniter.php(455): CodeIgniter\CodeIgniter->tryToRouteIt(null)
 8 SYSTEMPATH\CodeIgniter.php(354): CodeIgniter\CodeIgniter->handleRequest(null, Object(Config\Cache), false)
 9 SYSTEMPATH\Boot.php(363): CodeIgniter\CodeIgniter->run()
10 SYSTEMPATH\Boot.php(68): CodeIgniter\Boot::runCodeIgniter(Object(CodeIgniter\CodeIgniter))
11 FCPATH\index.php(59): CodeIgniter\Boot::bootWeb(Object(Config\Paths))
WARNING - 2026-04-29 09:41:43 --> [DEPRECATED] Passing lowercase HTTP method "get" is deprecated. Use uppercase HTTP method like "GET". in SYSTEMPATH\Router\RouteCollection.php on line 1026.
 1 SYSTEMPATH\Router\RouteCollection.php(1026): trigger_error('Passing lowercase HTTP method "get" is deprecated. Use uppercase HTTP method like "GET".', 16384)
 2 APPPATH\Config\Routes.php(344): CodeIgniter\Router\RouteCollection->match([...], 'Etape3', 'salle_2\\Salle2Controller::Etape3')
 3 SYSTEMPATH\Router\RouteCollection.php(799): CodeIgniter\Router\RouteCollection->{closure:C:\wamp64\www\ProjetMadeInValDeLoire\app\Config\Routes.php:335}(Object(CodeIgniter\Router\RouteCollection))
 4 APPPATH\Config\Routes.php(335): CodeIgniter\Router\RouteCollection->group('Salle2', Object(Closure))
 5 SYSTEMPATH\Router\RouteCollection.php(339): require('C:\\wamp64\\www\\ProjetMadeInValDeLoire\\app\\Config\\Routes.php')
 6 SYSTEMPATH\CodeIgniter.php(821): CodeIgniter\Router\RouteCollection->loadRoutes()
 7 SYSTEMPATH\CodeIgniter.php(455): CodeIgniter\CodeIgniter->tryToRouteIt(null)
 8 SYSTEMPATH\CodeIgniter.php(354): CodeIgniter\CodeIgniter->handleRequest(null, Object(Config\Cache), false)
 9 SYSTEMPATH\Boot.php(363): CodeIgniter\CodeIgniter->run()
10 SYSTEMPATH\Boot.php(68): CodeIgniter\Boot::runCodeIgniter(Object(CodeIgniter\CodeIgniter))
11 FCPATH\index.php(59): CodeIgniter\Boot::bootWeb(Object(Config\Paths))
WARNING - 2026-04-29 09:41:43 --> [DEPRECATED] Passing lowercase HTTP method "post" is deprecated. Use uppercase HTTP method like "POST". in SYSTEMPATH\Router\RouteCollection.php on line 1026.
 1 SYSTEMPATH\Router\RouteCollection.php(1026): trigger_error('Passing lowercase HTTP method "post" is deprecated. Use uppercase HTTP method like "POST".', 16384)
 2 APPPATH\Config\Routes.php(344): CodeIgniter\Router\RouteCollection->match([...], 'Etape3', 'salle_2\\Salle2Controller::Etape3')
 3 SYSTEMPATH\Router\RouteCollection.php(799): CodeIgniter\Router\RouteCollection->{closure:C:\wamp64\www\ProjetMadeInValDeLoire\app\Config\Routes.php:335}(Object(CodeIgniter\Router\RouteCollection))
 4 APPPATH\Config\Routes.php(335): CodeIgniter\Router\RouteCollection->group('Salle2', Object(Closure))
 5 SYSTEMPATH\Router\RouteCollection.php(339): require('C:\\wamp64\\www\\ProjetMadeInValDeLoire\\app\\Config\\Routes.php')
 6 SYSTEMPATH\CodeIgniter.php(821): CodeIgniter\Router\RouteCollection->loadRoutes()
 7 SYSTEMPATH\CodeIgniter.php(455): CodeIgniter\CodeIgniter->tryToRouteIt(null)
 8 SYSTEMPATH\CodeIgniter.php(354): CodeIgniter\CodeIgniter->handleRequest(null, Object(Config\Cache), false)
 9 SYSTEMPATH\Boot.php(363): CodeIgniter\CodeIgniter->run()
10 SYSTEMPATH\Boot.php(68): CodeIgniter\Boot::runCodeIgniter(Object(CodeIgniter\CodeIgniter))
11 FCPATH\index.php(59): CodeIgniter\Boot::bootWeb(Object(Config\Paths))
WARNING - 2026-04-29 09:41:43 --> [DEPRECATED] Passing lowercase HTTP method "get" is deprecated. Use uppercase HTTP method like "GET". in SYSTEMPATH\Router\RouteCollection.php on line 1026.
 1 SYSTEMPATH\Router\RouteCollection.php(1026): trigger_error('Passing lowercase HTTP method "get" is deprecated. Use uppercase HTTP method like "GET".', 16384)
 2 APPPATH\Config\Routes.php(348): CodeIgniter\Router\RouteCollection->match([...], 'Etape5', 'salle_2\\Salle2Controller::Etape5')
 3 SYSTEMPATH\Router\RouteCollection.php(799): CodeIgniter\Router\RouteCollection->{closure:C:\wamp64\www\ProjetMadeInValDeLoire\app\Config\Routes.php:335}(Object(CodeIgniter\Router\RouteCollection))
 4 APPPATH\Config\Routes.php(335): CodeIgniter\Router\RouteCollection->group('Salle2', Object(Closure))
 5 SYSTEMPATH\Router\RouteCollection.php(339): require('C:\\wamp64\\www\\ProjetMadeInValDeLoire\\app\\Config\\Routes.php')
 6 SYSTEMPATH\CodeIgniter.php(821): CodeIgniter\Router\RouteCollection->loadRoutes()
 7 SYSTEMPATH\CodeIgniter.php(455): CodeIgniter\CodeIgniter->tryToRouteIt(null)
 8 SYSTEMPATH\CodeIgniter.php(354): CodeIgniter\CodeIgniter->handleRequest(null, Object(Config\Cache), false)
 9 SYSTEMPATH\Boot.php(363): CodeIgniter\CodeIgniter->run()
10 SYSTEMPATH\Boot.php(68): CodeIgniter\Boot::runCodeIgniter(Object(CodeIgniter\CodeIgniter))
11 FCPATH\index.php(59): CodeIgniter\Boot::bootWeb(Object(Config\Paths))
WARNING - 2026-04-29 09:41:43 --> [DEPRECATED] Passing lowercase HTTP method "post" is deprecated. Use uppercase HTTP method like "POST". in SYSTEMPATH\Router\RouteCollection.php on line 1026.
 1 SYSTEMPATH\Router\RouteCollection.php(1026): trigger_error('Passing lowercase HTTP method "post" is deprecated. Use uppercase HTTP method like "POST".', 16384)
 2 APPPATH\Config\Routes.php(348): CodeIgniter\Router\RouteCollection->match([...], 'Etape5', 'salle_2\\Salle2Controller::Etape5')
 3 SYSTEMPATH\Router\RouteCollection.php(799): CodeIgniter\Router\RouteCollection->{closure:C:\wamp64\www\ProjetMadeInValDeLoire\app\Config\Routes.php:335}(Object(CodeIgniter\Router\RouteCollection))
 4 APPPATH\Config\Routes.php(335): CodeIgniter\Router\RouteCollection->group('Salle2', Object(Closure))
 5 SYSTEMPATH\Router\RouteCollection.php(339): require('C:\\wamp64\\www\\ProjetMadeInValDeLoire\\app\\Config\\Routes.php')
 6 SYSTEMPATH\CodeIgniter.php(821): CodeIgniter\Router\RouteCollection->loadRoutes()
 7 SYSTEMPATH\CodeIgniter.php(455): CodeIgniter\CodeIgniter->tryToRouteIt(null)
 8 SYSTEMPATH\CodeIgniter.php(354): CodeIgniter\CodeIgniter->handleRequest(null, Object(Config\Cache), false)
 9 SYSTEMPATH\Boot.php(363): CodeIgniter\CodeIgniter->run()
10 SYSTEMPATH\Boot.php(68): CodeIgniter\Boot::runCodeIgniter(Object(CodeIgniter\CodeIgniter))
11 FCPATH\index.php(59): CodeIgniter\Boot::bootWeb(Object(Config\Paths))
DEBUG - 2026-04-29 09:41:43 --> Session: Class initialized using 'CodeIgniter\Session\Handlers\FileHandler' driver.
WARNING - 2026-04-29 09:42:29 --> [DEPRECATED] Passing lowercase HTTP method "get" is deprecated. Use uppercase HTTP method like "GET". in SYSTEMPATH\Router\RouteCollection.php on line 1026.
 1 SYSTEMPATH\Router\RouteCollection.php(1026): trigger_error('Passing lowercase HTTP method "get" is deprecated. Use uppercase HTTP method like "GET".', 16384)
 2 APPPATH\Config\Routes.php(304): CodeIgniter\Router\RouteCollection->match([...], 'gingembre/saveGeneric', 'salle_2\\Salle2AdminController::saveGeneric')
 3 SYSTEMPATH\Router\RouteCollection.php(339): require('C:\\wamp64\\www\\ProjetMadeInValDeLoire\\app\\Config\\Routes.php')
 4 SYSTEMPATH\CodeIgniter.php(821): CodeIgniter\Router\RouteCollection->loadRoutes()
 5 SYSTEMPATH\CodeIgniter.php(455): CodeIgniter\CodeIgniter->tryToRouteIt(null)
 6 SYSTEMPATH\CodeIgniter.php(354): CodeIgniter\CodeIgniter->handleRequest(null, Object(Config\Cache), false)
 7 SYSTEMPATH\Boot.php(363): CodeIgniter\CodeIgniter->run()
 8 SYSTEMPATH\Boot.php(68): CodeIgniter\Boot::runCodeIgniter(Object(CodeIgniter\CodeIgniter))
 9 FCPATH\index.php(59): CodeIgniter\Boot::bootWeb(Object(Config\Paths))
WARNING - 2026-04-29 09:42:29 --> [DEPRECATED] Passing lowercase HTTP method "post" is deprecated. Use uppercase HTTP method like "POST". in SYSTEMPATH\Router\RouteCollection.php on line 1026.
 1 SYSTEMPATH\Router\RouteCollection.php(1026): trigger_error('Passing lowercase HTTP method "post" is deprecated. Use uppercase HTTP method like "POST".', 16384)
 2 APPPATH\Config\Routes.php(304): CodeIgniter\Router\RouteCollection->match([...], 'gingembre/saveGeneric', 'salle_2\\Salle2AdminController::saveGeneric')
 3 SYSTEMPATH\Router\RouteCollection.php(339): require('C:\\wamp64\\www\\ProjetMadeInValDeLoire\\app\\Config\\Routes.php')
 4 SYSTEMPATH\CodeIgniter.php(821): CodeIgniter\Router\RouteCollection->loadRoutes()
 5 SYSTEMPATH\CodeIgniter.php(455): CodeIgniter\CodeIgniter->tryToRouteIt(null)
 6 SYSTEMPATH\CodeIgniter.php(354): CodeIgniter\CodeIgniter->handleRequest(null, Object(Config\Cache), false)
 7 SYSTEMPATH\Boot.php(363): CodeIgniter\CodeIgniter->run()
 8 SYSTEMPATH\Boot.php(68): CodeIgniter\Boot::runCodeIgniter(Object(CodeIgniter\CodeIgniter))
 9 FCPATH\index.php(59): CodeIgniter\Boot::bootWeb(Object(Config\Paths))
WARNING - 2026-04-29 09:42:29 --> [DEPRECATED] Passing lowercase HTTP method "get" is deprecated. Use uppercase HTTP method like "GET". in SYSTEMPATH\Router\RouteCollection.php on line 1026.
 1 SYSTEMPATH\Router\RouteCollection.php(1026): trigger_error('Passing lowercase HTTP method "get" is deprecated. Use uppercase HTTP method like "GET".', 16384)
 2 APPPATH\Config\Routes.php(320): CodeIgniter\Router\RouteCollection->match([...], 'demarrer/(:segment)', 'Quiz\\QuizControlleur::choix/$1')
 3 SYSTEMPATH\Router\RouteCollection.php(799): CodeIgniter\Router\RouteCollection->{closure:C:\wamp64\www\ProjetMadeInValDeLoire\app\Config\Routes.php:318}(Object(CodeIgniter\Router\RouteCollection))
 4 APPPATH\Config\Routes.php(318): CodeIgniter\Router\RouteCollection->group('quiz', Object(Closure))
 5 SYSTEMPATH\Router\RouteCollection.php(339): require('C:\\wamp64\\www\\ProjetMadeInValDeLoire\\app\\Config\\Routes.php')
 6 SYSTEMPATH\CodeIgniter.php(821): CodeIgniter\Router\RouteCollection->loadRoutes()
 7 SYSTEMPATH\CodeIgniter.php(455): CodeIgniter\CodeIgniter->tryToRouteIt(null)
 8 SYSTEMPATH\CodeIgniter.php(354): CodeIgniter\CodeIgniter->handleRequest(null, Object(Config\Cache), false)
 9 SYSTEMPATH\Boot.php(363): CodeIgniter\CodeIgniter->run()
10 SYSTEMPATH\Boot.php(68): CodeIgniter\Boot::runCodeIgniter(Object(CodeIgniter\CodeIgniter))
11 FCPATH\index.php(59): CodeIgniter\Boot::bootWeb(Object(Config\Paths))
WARNING - 2026-04-29 09:42:29 --> [DEPRECATED] Passing lowercase HTTP method "post" is deprecated. Use uppercase HTTP method like "POST". in SYSTEMPATH\Router\RouteCollection.php on line 1026.
 1 SYSTEMPATH\Router\RouteCollection.php(1026): trigger_error('Passing lowercase HTTP method "post" is deprecated. Use uppercase HTTP method like "POST".', 16384)
 2 APPPATH\Config\Routes.php(320): CodeIgniter\Router\RouteCollection->match([...], 'demarrer/(:segment)', 'Quiz\\QuizControlleur::choix/$1')
 3 SYSTEMPATH\Router\RouteCollection.php(799): CodeIgniter\Router\RouteCollection->{closure:C:\wamp64\www\ProjetMadeInValDeLoire\app\Config\Routes.php:318}(Object(CodeIgniter\Router\RouteCollection))
 4 APPPATH\Config\Routes.php(318): CodeIgniter\Router\RouteCollection->group('quiz', Object(Closure))
 5 SYSTEMPATH\Router\RouteCollection.php(339): require('C:\\wamp64\\www\\ProjetMadeInValDeLoire\\app\\Config\\Routes.php')
 6 SYSTEMPATH\CodeIgniter.php(821): CodeIgniter\Router\RouteCollection->loadRoutes()
 7 SYSTEMPATH\CodeIgniter.php(455): CodeIgniter\CodeIgniter->tryToRouteIt(null)
 8 SYSTEMPATH\CodeIgniter.php(354): CodeIgniter\CodeIgniter->handleRequest(null, Object(Config\Cache), false)
 9 SYSTEMPATH\Boot.php(363): CodeIgniter\CodeIgniter->run()
10 SYSTEMPATH\Boot.php(68): CodeIgniter\Boot::runCodeIgniter(Object(CodeIgniter\CodeIgniter))
11 FCPATH\index.php(59): CodeIgniter\Boot::bootWeb(Object(Config\Paths))
WARNING - 2026-04-29 09:42:29 --> [DEPRECATED] Passing lowercase HTTP method "get" is deprecated. Use uppercase HTTP method like "GET". in SYSTEMPATH\Router\RouteCollection.php on line 1026.
 1 SYSTEMPATH\Router\RouteCollection.php(1026): trigger_error('Passing lowercase HTTP method "get" is deprecated. Use uppercase HTTP method like "GET".', 16384)
 2 APPPATH\Config\Routes.php(342): CodeIgniter\Router\RouteCollection->match([...], 'Etape2', 'salle_2\\Salle2Controller::Etape2')
 3 SYSTEMPATH\Router\RouteCollection.php(799): CodeIgniter\Router\RouteCollection->{closure:C:\wamp64\www\ProjetMadeInValDeLoire\app\Config\Routes.php:335}(Object(CodeIgniter\Router\RouteCollection))
 4 APPPATH\Config\Routes.php(335): CodeIgniter\Router\RouteCollection->group('Salle2', Object(Closure))
 5 SYSTEMPATH\Router\RouteCollection.php(339): require('C:\\wamp64\\www\\ProjetMadeInValDeLoire\\app\\Config\\Routes.php')
 6 SYSTEMPATH\CodeIgniter.php(821): CodeIgniter\Router\RouteCollection->loadRoutes()
 7 SYSTEMPATH\CodeIgniter.php(455): CodeIgniter\CodeIgniter->tryToRouteIt(null)
 8 SYSTEMPATH\CodeIgniter.php(354): CodeIgniter\CodeIgniter->handleRequest(null, Object(Config\Cache), false)
 9 SYSTEMPATH\Boot.php(363): CodeIgniter\CodeIgniter->run()
10 SYSTEMPATH\Boot.php(68): CodeIgniter\Boot::runCodeIgniter(Object(CodeIgniter\CodeIgniter))
11 FCPATH\index.php(59): CodeIgniter\Boot::bootWeb(Object(Config\Paths))
WARNING - 2026-04-29 09:42:29 --> [DEPRECATED] Passing lowercase HTTP method "post" is deprecated. Use uppercase HTTP method like "POST". in SYSTEMPATH\Router\RouteCollection.php on line 1026.
 1 SYSTEMPATH\Router\RouteCollection.php(1026): trigger_error('Passing lowercase HTTP method "post" is deprecated. Use uppercase HTTP method like "POST".', 16384)
 2 APPPATH\Config\Routes.php(342): CodeIgniter\Router\RouteCollection->match([...], 'Etape2', 'salle_2\\Salle2Controller::Etape2')
 3 SYSTEMPATH\Router\RouteCollection.php(799): CodeIgniter\Router\RouteCollection->{closure:C:\wamp64\www\ProjetMadeInValDeLoire\app\Config\Routes.php:335}(Object(CodeIgniter\Router\RouteCollection))
 4 APPPATH\Config\Routes.php(335): CodeIgniter\Router\RouteCollection->group('Salle2', Object(Closure))
 5 SYSTEMPATH\Router\RouteCollection.php(339): require('C:\\wamp64\\www\\ProjetMadeInValDeLoire\\app\\Config\\Routes.php')
 6 SYSTEMPATH\CodeIgniter.php(821): CodeIgniter\Router\RouteCollection->loadRoutes()
 7 SYSTEMPATH\CodeIgniter.php(455): CodeIgniter\CodeIgniter->tryToRouteIt(null)
 8 SYSTEMPATH\CodeIgniter.php(354): CodeIgniter\CodeIgniter->handleRequest(null, Object(Config\Cache), false)
 9 SYSTEMPATH\Boot.php(363): CodeIgniter\CodeIgniter->run()
10 SYSTEMPATH\Boot.php(68): CodeIgniter\Boot::runCodeIgniter(Object(CodeIgniter\CodeIgniter))
11 FCPATH\index.php(59): CodeIgniter\Boot::bootWeb(Object(Config\Paths))
WARNING - 2026-04-29 09:42:29 --> [DEPRECATED] Passing lowercase HTTP method "get" is deprecated. Use uppercase HTTP method like "GET". in SYSTEMPATH\Router\RouteCollection.php on line 1026.
 1 SYSTEMPATH\Router\RouteCollection.php(1026): trigger_error('Passing lowercase HTTP method "get" is deprecated. Use uppercase HTTP method like "GET".', 16384)
 2 APPPATH\Config\Routes.php(343): CodeIgniter\Router\RouteCollection->match([...], 'Etape2a', 'salle_2\\Salle2Controller::Etape2a')
 3 SYSTEMPATH\Router\RouteCollection.php(799): CodeIgniter\Router\RouteCollection->{closure:C:\wamp64\www\ProjetMadeInValDeLoire\app\Config\Routes.php:335}(Object(CodeIgniter\Router\RouteCollection))
 4 APPPATH\Config\Routes.php(335): CodeIgniter\Router\RouteCollection->group('Salle2', Object(Closure))
 5 SYSTEMPATH\Router\RouteCollection.php(339): require('C:\\wamp64\\www\\ProjetMadeInValDeLoire\\app\\Config\\Routes.php')
 6 SYSTEMPATH\CodeIgniter.php(821): CodeIgniter\Router\RouteCollection->loadRoutes()
 7 SYSTEMPATH\CodeIgniter.php(455): CodeIgniter\CodeIgniter->tryToRouteIt(null)
 8 SYSTEMPATH\CodeIgniter.php(354): CodeIgniter\CodeIgniter->handleRequest(null, Object(Config\Cache), false)
 9 SYSTEMPATH\Boot.php(363): CodeIgniter\CodeIgniter->run()
10 SYSTEMPATH\Boot.php(68): CodeIgniter\Boot::runCodeIgniter(Object(CodeIgniter\CodeIgniter))
11 FCPATH\index.php(59): CodeIgniter\Boot::bootWeb(Object(Config\Paths))
WARNING - 2026-04-29 09:42:29 --> [DEPRECATED] Passing lowercase HTTP method "post" is deprecated. Use uppercase HTTP method like "POST". in SYSTEMPATH\Router\RouteCollection.php on line 1026.
 1 SYSTEMPATH\Router\RouteCollection.php(1026): trigger_error('Passing lowercase HTTP method "post" is deprecated. Use uppercase HTTP method like "POST".', 16384)
 2 APPPATH\Config\Routes.php(343): CodeIgniter\Router\RouteCollection->match([...], 'Etape2a', 'salle_2\\Salle2Controller::Etape2a')
 3 SYSTEMPATH\Router\RouteCollection.php(799): CodeIgniter\Router\RouteCollection->{closure:C:\wamp64\www\ProjetMadeInValDeLoire\app\Config\Routes.php:335}(Object(CodeIgniter\Router\RouteCollection))
 4 APPPATH\Config\Routes.php(335): CodeIgniter\Router\RouteCollection->group('Salle2', Object(Closure))
 5 SYSTEMPATH\Router\RouteCollection.php(339): require('C:\\wamp64\\www\\ProjetMadeInValDeLoire\\app\\Config\\Routes.php')
 6 SYSTEMPATH\CodeIgniter.php(821): CodeIgniter\Router\RouteCollection->loadRoutes()
 7 SYSTEMPATH\CodeIgniter.php(455): CodeIgniter\CodeIgniter->tryToRouteIt(null)
 8 SYSTEMPATH\CodeIgniter.php(354): CodeIgniter\CodeIgniter->handleRequest(null, Object(Config\Cache), false)
 9 SYSTEMPATH\Boot.php(363): CodeIgniter\CodeIgniter->run()
10 SYSTEMPATH\Boot.php(68): CodeIgniter\Boot::runCodeIgniter(Object(CodeIgniter\CodeIgniter))
11 FCPATH\index.php(59): CodeIgniter\Boot::bootWeb(Object(Config\Paths))
WARNING - 2026-04-29 09:42:29 --> [DEPRECATED] Passing lowercase HTTP method "get" is deprecated. Use uppercase HTTP method like "GET". in SYSTEMPATH\Router\RouteCollection.php on line 1026.
 1 SYSTEMPATH\Router\RouteCollection.php(1026): trigger_error('Passing lowercase HTTP method "get" is deprecated. Use uppercase HTTP method like "GET".', 16384)
 2 APPPATH\Config\Routes.php(344): CodeIgniter\Router\RouteCollection->match([...], 'Etape3', 'salle_2\\Salle2Controller::Etape3')
 3 SYSTEMPATH\Router\RouteCollection.php(799): CodeIgniter\Router\RouteCollection->{closure:C:\wamp64\www\ProjetMadeInValDeLoire\app\Config\Routes.php:335}(Object(CodeIgniter\Router\RouteCollection))
 4 APPPATH\Config\Routes.php(335): CodeIgniter\Router\RouteCollection->group('Salle2', Object(Closure))
 5 SYSTEMPATH\Router\RouteCollection.php(339): require('C:\\wamp64\\www\\ProjetMadeInValDeLoire\\app\\Config\\Routes.php')
 6 SYSTEMPATH\CodeIgniter.php(821): CodeIgniter\Router\RouteCollection->loadRoutes()
 7 SYSTEMPATH\CodeIgniter.php(455): CodeIgniter\CodeIgniter->tryToRouteIt(null)
 8 SYSTEMPATH\CodeIgniter.php(354): CodeIgniter\CodeIgniter->handleRequest(null, Object(Config\Cache), false)
 9 SYSTEMPATH\Boot.php(363): CodeIgniter\CodeIgniter->run()
10 SYSTEMPATH\Boot.php(68): CodeIgniter\Boot::runCodeIgniter(Object(CodeIgniter\CodeIgniter))
11 FCPATH\index.php(59): CodeIgniter\Boot::bootWeb(Object(Config\Paths))
WARNING - 2026-04-29 09:42:29 --> [DEPRECATED] Passing lowercase HTTP method "post" is deprecated. Use uppercase HTTP method like "POST". in SYSTEMPATH\Router\RouteCollection.php on line 1026.
 1 SYSTEMPATH\Router\RouteCollection.php(1026): trigger_error('Passing lowercase HTTP method "post" is deprecated. Use uppercase HTTP method like "POST".', 16384)
 2 APPPATH\Config\Routes.php(344): CodeIgniter\Router\RouteCollection->match([...], 'Etape3', 'salle_2\\Salle2Controller::Etape3')
 3 SYSTEMPATH\Router\RouteCollection.php(799): CodeIgniter\Router\RouteCollection->{closure:C:\wamp64\www\ProjetMadeInValDeLoire\app\Config\Routes.php:335}(Object(CodeIgniter\Router\RouteCollection))
 4 APPPATH\Config\Routes.php(335): CodeIgniter\Router\RouteCollection->group('Salle2', Object(Closure))
 5 SYSTEMPATH\Router\RouteCollection.php(339): require('C:\\wamp64\\www\\ProjetMadeInValDeLoire\\app\\Config\\Routes.php')
 6 SYSTEMPATH\CodeIgniter.php(821): CodeIgniter\Router\RouteCollection->loadRoutes()
 7 SYSTEMPATH\CodeIgniter.php(455): CodeIgniter\CodeIgniter->tryToRouteIt(null)
 8 SYSTEMPATH\CodeIgniter.php(354): CodeIgniter\CodeIgniter->handleRequest(null, Object(Config\Cache), false)
 9 SYSTEMPATH\Boot.php(363): CodeIgniter\CodeIgniter->run()
10 SYSTEMPATH\Boot.php(68): CodeIgniter\Boot::runCodeIgniter(Object(CodeIgniter\CodeIgniter))
11 FCPATH\index.php(59): CodeIgniter\Boot::bootWeb(Object(Config\Paths))
WARNING - 2026-04-29 09:42:29 --> [DEPRECATED] Passing lowercase HTTP method "get" is deprecated. Use uppercase HTTP method like "GET". in SYSTEMPATH\Router\RouteCollection.php on line 1026.
 1 SYSTEMPATH\Router\RouteCollection.php(1026): trigger_error('Passing lowercase HTTP method "get" is deprecated. Use uppercase HTTP method like "GET".', 16384)
 2 APPPATH\Config\Routes.php(348): CodeIgniter\Router\RouteCollection->match([...], 'Etape5', 'salle_2\\Salle2Controller::Etape5')
 3 SYSTEMPATH\Router\RouteCollection.php(799): CodeIgniter\Router\RouteCollection->{closure:C:\wamp64\www\ProjetMadeInValDeLoire\app\Config\Routes.php:335}(Object(CodeIgniter\Router\RouteCollection))
 4 APPPATH\Config\Routes.php(335): CodeIgniter\Router\RouteCollection->group('Salle2', Object(Closure))
 5 SYSTEMPATH\Router\RouteCollection.php(339): require('C:\\wamp64\\www\\ProjetMadeInValDeLoire\\app\\Config\\Routes.php')
 6 SYSTEMPATH\CodeIgniter.php(821): CodeIgniter\Router\RouteCollection->loadRoutes()
 7 SYSTEMPATH\CodeIgniter.php(455): CodeIgniter\CodeIgniter->tryToRouteIt(null)
 8 SYSTEMPATH\CodeIgniter.php(354): CodeIgniter\CodeIgniter->handleRequest(null, Object(Config\Cache), false)
 9 SYSTEMPATH\Boot.php(363): CodeIgniter\CodeIgniter->run()
10 SYSTEMPATH\Boot.php(68): CodeIgniter\Boot::runCodeIgniter(Object(CodeIgniter\CodeIgniter))
11 FCPATH\index.php(59): CodeIgniter\Boot::bootWeb(Object(Config\Paths))
WARNING - 2026-04-29 09:42:29 --> [DEPRECATED] Passing lowercase HTTP method "post" is deprecated. Use uppercase HTTP method like "POST". in SYSTEMPATH\Router\RouteCollection.php on line 1026.
 1 SYSTEMPATH\Router\RouteCollection.php(1026): trigger_error('Passing lowercase HTTP method "post" is deprecated. Use uppercase HTTP method like "POST".', 16384)
 2 APPPATH\Config\Routes.php(348): CodeIgniter\Router\RouteCollection->match([...], 'Etape5', 'salle_2\\Salle2Controller::Etape5')
 3 SYSTEMPATH\Router\RouteCollection.php(799): CodeIgniter\Router\RouteCollection->{closure:C:\wamp64\www\ProjetMadeInValDeLoire\app\Config\Routes.php:335}(Object(CodeIgniter\Router\RouteCollection))
 4 APPPATH\Config\Routes.php(335): CodeIgniter\Router\RouteCollection->group('Salle2', Object(Closure))
 5 SYSTEMPATH\Router\RouteCollection.php(339): require('C:\\wamp64\\www\\ProjetMadeInValDeLoire\\app\\Config\\Routes.php')
 6 SYSTEMPATH\CodeIgniter.php(821): CodeIgniter\Router\RouteCollection->loadRoutes()
 7 SYSTEMPATH\CodeIgniter.php(455): CodeIgniter\CodeIgniter->tryToRouteIt(null)
 8 SYSTEMPATH\CodeIgniter.php(354): CodeIgniter\CodeIgniter->handleRequest(null, Object(Config\Cache), false)
 9 SYSTEMPATH\Boot.php(363): CodeIgniter\CodeIgniter->run()
10 SYSTEMPATH\Boot.php(68): CodeIgniter\Boot::runCodeIgniter(Object(CodeIgniter\CodeIgniter))
11 FCPATH\index.php(59): CodeIgniter\Boot::bootWeb(Object(Config\Paths))
DEBUG - 2026-04-29 09:42:29 --> Session: Class initialized using 'CodeIgniter\Session\Handlers\FileHandler' driver.
WARNING - 2026-04-29 09:42:33 --> [DEPRECATED] Passing lowercase HTTP method "get" is deprecated. Use uppercase HTTP method like "GET". in SYSTEMPATH\Router\RouteCollection.php on line 1026.
 1 SYSTEMPATH\Router\RouteCollection.php(1026): trigger_error('Passing lowercase HTTP method "get" is deprecated. Use uppercase HTTP method like "GET".', 16384)
 2 APPPATH\Config\Routes.php(304): CodeIgniter\Router\RouteCollection->match([...], 'gingembre/saveGeneric', 'salle_2\\Salle2AdminController::saveGeneric')
 3 SYSTEMPATH\Router\RouteCollection.php(339): require('C:\\wamp64\\www\\ProjetMadeInValDeLoire\\app\\Config\\Routes.php')
 4 SYSTEMPATH\CodeIgniter.php(821): CodeIgniter\Router\RouteCollection->loadRoutes()
 5 SYSTEMPATH\CodeIgniter.php(455): CodeIgniter\CodeIgniter->tryToRouteIt(null)
 6 SYSTEMPATH\CodeIgniter.php(354): CodeIgniter\CodeIgniter->handleRequest(null, Object(Config\Cache), false)
 7 SYSTEMPATH\Boot.php(363): CodeIgniter\CodeIgniter->run()
 8 SYSTEMPATH\Boot.php(68): CodeIgniter\Boot::runCodeIgniter(Object(CodeIgniter\CodeIgniter))
 9 FCPATH\index.php(59): CodeIgniter\Boot::bootWeb(Object(Config\Paths))
WARNING - 2026-04-29 09:42:33 --> [DEPRECATED] Passing lowercase HTTP method "post" is deprecated. Use uppercase HTTP method like "POST". in SYSTEMPATH\Router\RouteCollection.php on line 1026.
 1 SYSTEMPATH\Router\RouteCollection.php(1026): trigger_error('Passing lowercase HTTP method "post" is deprecated. Use uppercase HTTP method like "POST".', 16384)
 2 APPPATH\Config\Routes.php(304): CodeIgniter\Router\RouteCollection->match([...], 'gingembre/saveGeneric', 'salle_2\\Salle2AdminController::saveGeneric')
 3 SYSTEMPATH\Router\RouteCollection.php(339): require('C:\\wamp64\\www\\ProjetMadeInValDeLoire\\app\\Config\\Routes.php')
 4 SYSTEMPATH\CodeIgniter.php(821): CodeIgniter\Router\RouteCollection->loadRoutes()
 5 SYSTEMPATH\CodeIgniter.php(455): CodeIgniter\CodeIgniter->tryToRouteIt(null)
 6 SYSTEMPATH\CodeIgniter.php(354): CodeIgniter\CodeIgniter->handleRequest(null, Object(Config\Cache), false)
 7 SYSTEMPATH\Boot.php(363): CodeIgniter\CodeIgniter->run()
 8 SYSTEMPATH\Boot.php(68): CodeIgniter\Boot::runCodeIgniter(Object(CodeIgniter\CodeIgniter))
 9 FCPATH\index.php(59): CodeIgniter\Boot::bootWeb(Object(Config\Paths))
WARNING - 2026-04-29 09:42:33 --> [DEPRECATED] Passing lowercase HTTP method "get" is deprecated. Use uppercase HTTP method like "GET". in SYSTEMPATH\Router\RouteCollection.php on line 1026.
 1 SYSTEMPATH\Router\RouteCollection.php(1026): trigger_error('Passing lowercase HTTP method "get" is deprecated. Use uppercase HTTP method like "GET".', 16384)
 2 APPPATH\Config\Routes.php(320): CodeIgniter\Router\RouteCollection->match([...], 'demarrer/(:segment)', 'Quiz\\QuizControlleur::choix/$1')
 3 SYSTEMPATH\Router\RouteCollection.php(799): CodeIgniter\Router\RouteCollection->{closure}(Object(CodeIgniter\Router\RouteCollection))
 4 APPPATH\Config\Routes.php(318): CodeIgniter\Router\RouteCollection->group('quiz', Object(Closure))
 5 SYSTEMPATH\Router\RouteCollection.php(339): require('C:\\wamp64\\www\\ProjetMadeInValDeLoire\\app\\Config\\Routes.php')
 6 SYSTEMPATH\CodeIgniter.php(821): CodeIgniter\Router\RouteCollection->loadRoutes()
 7 SYSTEMPATH\CodeIgniter.php(455): CodeIgniter\CodeIgniter->tryToRouteIt(null)
 8 SYSTEMPATH\CodeIgniter.php(354): CodeIgniter\CodeIgniter->handleRequest(null, Object(Config\Cache), false)
 9 SYSTEMPATH\Boot.php(363): CodeIgniter\CodeIgniter->run()
10 SYSTEMPATH\Boot.php(68): CodeIgniter\Boot::runCodeIgniter(Object(CodeIgniter\CodeIgniter))
11 FCPATH\index.php(59): CodeIgniter\Boot::bootWeb(Object(Config\Paths))
WARNING - 2026-04-29 09:42:33 --> [DEPRECATED] Passing lowercase HTTP method "post" is deprecated. Use uppercase HTTP method like "POST". in SYSTEMPATH\Router\RouteCollection.php on line 1026.
 1 SYSTEMPATH\Router\RouteCollection.php(1026): trigger_error('Passing lowercase HTTP method "post" is deprecated. Use uppercase HTTP method like "POST".', 16384)
 2 APPPATH\Config\Routes.php(320): CodeIgniter\Router\RouteCollection->match([...], 'demarrer/(:segment)', 'Quiz\\QuizControlleur::choix/$1')
 3 SYSTEMPATH\Router\RouteCollection.php(799): CodeIgniter\Router\RouteCollection->{closure}(Object(CodeIgniter\Router\RouteCollection))
 4 APPPATH\Config\Routes.php(318): CodeIgniter\Router\RouteCollection->group('quiz', Object(Closure))
 5 SYSTEMPATH\Router\RouteCollection.php(339): require('C:\\wamp64\\www\\ProjetMadeInValDeLoire\\app\\Config\\Routes.php')
 6 SYSTEMPATH\CodeIgniter.php(821): CodeIgniter\Router\RouteCollection->loadRoutes()
 7 SYSTEMPATH\CodeIgniter.php(455): CodeIgniter\CodeIgniter->tryToRouteIt(null)
 8 SYSTEMPATH\CodeIgniter.php(354): CodeIgniter\CodeIgniter->handleRequest(null, Object(Config\Cache), false)
 9 SYSTEMPATH\Boot.php(363): CodeIgniter\CodeIgniter->run()
10 SYSTEMPATH\Boot.php(68): CodeIgniter\Boot::runCodeIgniter(Object(CodeIgniter\CodeIgniter))
11 FCPATH\index.php(59): CodeIgniter\Boot::bootWeb(Object(Config\Paths))
WARNING - 2026-04-29 09:42:33 --> [DEPRECATED] Passing lowercase HTTP method "get" is deprecated. Use uppercase HTTP method like "GET". in SYSTEMPATH\Router\RouteCollection.php on line 1026.
 1 SYSTEMPATH\Router\RouteCollection.php(1026): trigger_error('Passing lowercase HTTP method "get" is deprecated. Use uppercase HTTP method like "GET".', 16384)
 2 APPPATH\Config\Routes.php(342): CodeIgniter\Router\RouteCollection->match([...], 'Etape2', 'salle_2\\Salle2Controller::Etape2')
 3 SYSTEMPATH\Router\RouteCollection.php(799): CodeIgniter\Router\RouteCollection->{closure}(Object(CodeIgniter\Router\RouteCollection))
 4 APPPATH\Config\Routes.php(335): CodeIgniter\Router\RouteCollection->group('Salle2', Object(Closure))
 5 SYSTEMPATH\Router\RouteCollection.php(339): require('C:\\wamp64\\www\\ProjetMadeInValDeLoire\\app\\Config\\Routes.php')
 6 SYSTEMPATH\CodeIgniter.php(821): CodeIgniter\Router\RouteCollection->loadRoutes()
 7 SYSTEMPATH\CodeIgniter.php(455): CodeIgniter\CodeIgniter->tryToRouteIt(null)
 8 SYSTEMPATH\CodeIgniter.php(354): CodeIgniter\CodeIgniter->handleRequest(null, Object(Config\Cache), false)
 9 SYSTEMPATH\Boot.php(363): CodeIgniter\CodeIgniter->run()
10 SYSTEMPATH\Boot.php(68): CodeIgniter\Boot::runCodeIgniter(Object(CodeIgniter\CodeIgniter))
11 FCPATH\index.php(59): CodeIgniter\Boot::bootWeb(Object(Config\Paths))
WARNING - 2026-04-29 09:42:33 --> [DEPRECATED] Passing lowercase HTTP method "post" is deprecated. Use uppercase HTTP method like "POST". in SYSTEMPATH\Router\RouteCollection.php on line 1026.
 1 SYSTEMPATH\Router\RouteCollection.php(1026): trigger_error('Passing lowercase HTTP method "post" is deprecated. Use uppercase HTTP method like "POST".', 16384)
 2 APPPATH\Config\Routes.php(342): CodeIgniter\Router\RouteCollection->match([...], 'Etape2', 'salle_2\\Salle2Controller::Etape2')
 3 SYSTEMPATH\Router\RouteCollection.php(799): CodeIgniter\Router\RouteCollection->{closure}(Object(CodeIgniter\Router\RouteCollection))
 4 APPPATH\Config\Routes.php(335): CodeIgniter\Router\RouteCollection->group('Salle2', Object(Closure))
 5 SYSTEMPATH\Router\RouteCollection.php(339): require('C:\\wamp64\\www\\ProjetMadeInValDeLoire\\app\\Config\\Routes.php')
 6 SYSTEMPATH\CodeIgniter.php(821): CodeIgniter\Router\RouteCollection->loadRoutes()
 7 SYSTEMPATH\CodeIgniter.php(455): CodeIgniter\CodeIgniter->tryToRouteIt(null)
 8 SYSTEMPATH\CodeIgniter.php(354): CodeIgniter\CodeIgniter->handleRequest(null, Object(Config\Cache), false)
 9 SYSTEMPATH\Boot.php(363): CodeIgniter\CodeIgniter->run()
10 SYSTEMPATH\Boot.php(68): CodeIgniter\Boot::runCodeIgniter(Object(CodeIgniter\CodeIgniter))
11 FCPATH\index.php(59): CodeIgniter\Boot::bootWeb(Object(Config\Paths))
WARNING - 2026-04-29 09:42:33 --> [DEPRECATED] Passing lowercase HTTP method "get" is deprecated. Use uppercase HTTP method like "GET". in SYSTEMPATH\Router\RouteCollection.php on line 1026.
 1 SYSTEMPATH\Router\RouteCollection.php(1026): trigger_error('Passing lowercase HTTP method "get" is deprecated. Use uppercase HTTP method like "GET".', 16384)
 2 APPPATH\Config\Routes.php(343): CodeIgniter\Router\RouteCollection->match([...], 'Etape2a', 'salle_2\\Salle2Controller::Etape2a')
 3 SYSTEMPATH\Router\RouteCollection.php(799): CodeIgniter\Router\RouteCollection->{closure}(Object(CodeIgniter\Router\RouteCollection))
 4 APPPATH\Config\Routes.php(335): CodeIgniter\Router\RouteCollection->group('Salle2', Object(Closure))
 5 SYSTEMPATH\Router\RouteCollection.php(339): require('C:\\wamp64\\www\\ProjetMadeInValDeLoire\\app\\Config\\Routes.php')
 6 SYSTEMPATH\CodeIgniter.php(821): CodeIgniter\Router\RouteCollection->loadRoutes()
 7 SYSTEMPATH\CodeIgniter.php(455): CodeIgniter\CodeIgniter->tryToRouteIt(null)
 8 SYSTEMPATH\CodeIgniter.php(354): CodeIgniter\CodeIgniter->handleRequest(null, Object(Config\Cache), false)
 9 SYSTEMPATH\Boot.php(363): CodeIgniter\CodeIgniter->run()
10 SYSTEMPATH\Boot.php(68): CodeIgniter\Boot::runCodeIgniter(Object(CodeIgniter\CodeIgniter))
11 FCPATH\index.php(59): CodeIgniter\Boot::bootWeb(Object(Config\Paths))
WARNING - 2026-04-29 09:42:33 --> [DEPRECATED] Passing lowercase HTTP method "post" is deprecated. Use uppercase HTTP method like "POST". in SYSTEMPATH\Router\RouteCollection.php on line 1026.
 1 SYSTEMPATH\Router\RouteCollection.php(1026): trigger_error('Passing lowercase HTTP method "post" is deprecated. Use uppercase HTTP method like "POST".', 16384)
 2 APPPATH\Config\Routes.php(343): CodeIgniter\Router\RouteCollection->match([...], 'Etape2a', 'salle_2\\Salle2Controller::Etape2a')
 3 SYSTEMPATH\Router\RouteCollection.php(799): CodeIgniter\Router\RouteCollection->{closure}(Object(CodeIgniter\Router\RouteCollection))
 4 APPPATH\Config\Routes.php(335): CodeIgniter\Router\RouteCollection->group('Salle2', Object(Closure))
 5 SYSTEMPATH\Router\RouteCollection.php(339): require('C:\\wamp64\\www\\ProjetMadeInValDeLoire\\app\\Config\\Routes.php')
 6 SYSTEMPATH\CodeIgniter.php(821): CodeIgniter\Router\RouteCollection->loadRoutes()
 7 SYSTEMPATH\CodeIgniter.php(455): CodeIgniter\CodeIgniter->tryToRouteIt(null)
 8 SYSTEMPATH\CodeIgniter.php(354): CodeIgniter\CodeIgniter->handleRequest(null, Object(Config\Cache), false)
 9 SYSTEMPATH\Boot.php(363): CodeIgniter\CodeIgniter->run()
10 SYSTEMPATH\Boot.php(68): CodeIgniter\Boot::runCodeIgniter(Object(CodeIgniter\CodeIgniter))
11 FCPATH\index.php(59): CodeIgniter\Boot::bootWeb(Object(Config\Paths))
WARNING - 2026-04-29 09:42:33 --> [DEPRECATED] Passing lowercase HTTP method "get" is deprecated. Use uppercase HTTP method like "GET". in SYSTEMPATH\Router\RouteCollection.php on line 1026.
 1 SYSTEMPATH\Router\RouteCollection.php(1026): trigger_error('Passing lowercase HTTP method "get" is deprecated. Use uppercase HTTP method like "GET".', 16384)
 2 APPPATH\Config\Routes.php(344): CodeIgniter\Router\RouteCollection->match([...], 'Etape3', 'salle_2\\Salle2Controller::Etape3')
 3 SYSTEMPATH\Router\RouteCollection.php(799): CodeIgniter\Router\RouteCollection->{closure}(Object(CodeIgniter\Router\RouteCollection))
 4 APPPATH\Config\Routes.php(335): CodeIgniter\Router\RouteCollection->group('Salle2', Object(Closure))
 5 SYSTEMPATH\Router\RouteCollection.php(339): require('C:\\wamp64\\www\\ProjetMadeInValDeLoire\\app\\Config\\Routes.php')
 6 SYSTEMPATH\CodeIgniter.php(821): CodeIgniter\Router\RouteCollection->loadRoutes()
 7 SYSTEMPATH\CodeIgniter.php(455): CodeIgniter\CodeIgniter->tryToRouteIt(null)
 8 SYSTEMPATH\CodeIgniter.php(354): CodeIgniter\CodeIgniter->handleRequest(null, Object(Config\Cache), false)
 9 SYSTEMPATH\Boot.php(363): CodeIgniter\CodeIgniter->run()
10 SYSTEMPATH\Boot.php(68): CodeIgniter\Boot::runCodeIgniter(Object(CodeIgniter\CodeIgniter))
11 FCPATH\index.php(59): CodeIgniter\Boot::bootWeb(Object(Config\Paths))
WARNING - 2026-04-29 09:42:33 --> [DEPRECATED] Passing lowercase HTTP method "post" is deprecated. Use uppercase HTTP method like "POST". in SYSTEMPATH\Router\RouteCollection.php on line 1026.
 1 SYSTEMPATH\Router\RouteCollection.php(1026): trigger_error('Passing lowercase HTTP method "post" is deprecated. Use uppercase HTTP method like "POST".', 16384)
 2 APPPATH\Config\Routes.php(344): CodeIgniter\Router\RouteCollection->match([...], 'Etape3', 'salle_2\\Salle2Controller::Etape3')
 3 SYSTEMPATH\Router\RouteCollection.php(799): CodeIgniter\Router\RouteCollection->{closure}(Object(CodeIgniter\Router\RouteCollection))
 4 APPPATH\Config\Routes.php(335): CodeIgniter\Router\RouteCollection->group('Salle2', Object(Closure))
 5 SYSTEMPATH\Router\RouteCollection.php(339): require('C:\\wamp64\\www\\ProjetMadeInValDeLoire\\app\\Config\\Routes.php')
 6 SYSTEMPATH\CodeIgniter.php(821): CodeIgniter\Router\RouteCollection->loadRoutes()
 7 SYSTEMPATH\CodeIgniter.php(455): CodeIgniter\CodeIgniter->tryToRouteIt(null)
 8 SYSTEMPATH\CodeIgniter.php(354): CodeIgniter\CodeIgniter->handleRequest(null, Object(Config\Cache), false)
 9 SYSTEMPATH\Boot.php(363): CodeIgniter\CodeIgniter->run()
10 SYSTEMPATH\Boot.php(68): CodeIgniter\Boot::runCodeIgniter(Object(CodeIgniter\CodeIgniter))
11 FCPATH\index.php(59): CodeIgniter\Boot::bootWeb(Object(Config\Paths))
WARNING - 2026-04-29 09:42:33 --> [DEPRECATED] Passing lowercase HTTP method "get" is deprecated. Use uppercase HTTP method like "GET". in SYSTEMPATH\Router\RouteCollection.php on line 1026.
 1 SYSTEMPATH\Router\RouteCollection.php(1026): trigger_error('Passing lowercase HTTP method "get" is deprecated. Use uppercase HTTP method like "GET".', 16384)
 2 APPPATH\Config\Routes.php(348): CodeIgniter\Router\RouteCollection->match([...], 'Etape5', 'salle_2\\Salle2Controller::Etape5')
 3 SYSTEMPATH\Router\RouteCollection.php(799): CodeIgniter\Router\RouteCollection->{closure}(Object(CodeIgniter\Router\RouteCollection))
 4 APPPATH\Config\Routes.php(335): CodeIgniter\Router\RouteCollection->group('Salle2', Object(Closure))
 5 SYSTEMPATH\Router\RouteCollection.php(339): require('C:\\wamp64\\www\\ProjetMadeInValDeLoire\\app\\Config\\Routes.php')
 6 SYSTEMPATH\CodeIgniter.php(821): CodeIgniter\Router\RouteCollection->loadRoutes()
 7 SYSTEMPATH\CodeIgniter.php(455): CodeIgniter\CodeIgniter->tryToRouteIt(null)
 8 SYSTEMPATH\CodeIgniter.php(354): CodeIgniter\CodeIgniter->handleRequest(null, Object(Config\Cache), false)
 9 SYSTEMPATH\Boot.php(363): CodeIgniter\CodeIgniter->run()
10 SYSTEMPATH\Boot.php(68): CodeIgniter\Boot::runCodeIgniter(Object(CodeIgniter\CodeIgniter))
11 FCPATH\index.php(59): CodeIgniter\Boot::bootWeb(Object(Config\Paths))
WARNING - 2026-04-29 09:42:33 --> [DEPRECATED] Passing lowercase HTTP method "post" is deprecated. Use uppercase HTTP method like "POST". in SYSTEMPATH\Router\RouteCollection.php on line 1026.
 1 SYSTEMPATH\Router\RouteCollection.php(1026): trigger_error('Passing lowercase HTTP method "post" is deprecated. Use uppercase HTTP method like "POST".', 16384)
 2 APPPATH\Config\Routes.php(348): CodeIgniter\Router\RouteCollection->match([...], 'Etape5', 'salle_2\\Salle2Controller::Etape5')
 3 SYSTEMPATH\Router\RouteCollection.php(799): CodeIgniter\Router\RouteCollection->{closure}(Object(CodeIgniter\Router\RouteCollection))
 4 APPPATH\Config\Routes.php(335): CodeIgniter\Router\RouteCollection->group('Salle2', Object(Closure))
 5 SYSTEMPATH\Router\RouteCollection.php(339): require('C:\\wamp64\\www\\ProjetMadeInValDeLoire\\app\\Config\\Routes.php')
 6 SYSTEMPATH\CodeIgniter.php(821): CodeIgniter\Router\RouteCollection->loadRoutes()
 7 SYSTEMPATH\CodeIgniter.php(455): CodeIgniter\CodeIgniter->tryToRouteIt(null)
 8 SYSTEMPATH\CodeIgniter.php(354): CodeIgniter\CodeIgniter->handleRequest(null, Object(Config\Cache), false)
 9 SYSTEMPATH\Boot.php(363): CodeIgniter\CodeIgniter->run()
10 SYSTEMPATH\Boot.php(68): CodeIgniter\Boot::runCodeIgniter(Object(CodeIgniter\CodeIgniter))
11 FCPATH\index.php(59): CodeIgniter\Boot::bootWeb(Object(Config\Paths))
DEBUG - 2026-04-29 09:42:33 --> Session: Class initialized using 'CodeIgniter\Session\Handlers\FileHandler' driver.
WARNING - 2026-04-29 09:42:33 --> [DEPRECATED] Passing lowercase HTTP method "get" is deprecated. Use uppercase HTTP method like "GET". in SYSTEMPATH\Router\RouteCollection.php on line 1026.
 1 SYSTEMPATH\Router\RouteCollection.php(1026): trigger_error('Passing lowercase HTTP method "get" is deprecated. Use uppercase HTTP method like "GET".', 16384)
 2 APPPATH\Config\Routes.php(304): CodeIgniter\Router\RouteCollection->match([...], 'gingembre/saveGeneric', 'salle_2\\Salle2AdminController::saveGeneric')
 3 SYSTEMPATH\Router\RouteCollection.php(339): require('C:\\wamp64\\www\\ProjetMadeInValDeLoire\\app\\Config\\Routes.php')
 4 SYSTEMPATH\CodeIgniter.php(821): CodeIgniter\Router\RouteCollection->loadRoutes()
 5 SYSTEMPATH\CodeIgniter.php(455): CodeIgniter\CodeIgniter->tryToRouteIt(null)
 6 SYSTEMPATH\CodeIgniter.php(354): CodeIgniter\CodeIgniter->handleRequest(null, Object(Config\Cache), false)
 7 SYSTEMPATH\Boot.php(363): CodeIgniter\CodeIgniter->run()
 8 SYSTEMPATH\Boot.php(68): CodeIgniter\Boot::runCodeIgniter(Object(CodeIgniter\CodeIgniter))
 9 FCPATH\index.php(59): CodeIgniter\Boot::bootWeb(Object(Config\Paths))
WARNING - 2026-04-29 09:42:33 --> [DEPRECATED] Passing lowercase HTTP method "post" is deprecated. Use uppercase HTTP method like "POST". in SYSTEMPATH\Router\RouteCollection.php on line 1026.
 1 SYSTEMPATH\Router\RouteCollection.php(1026): trigger_error('Passing lowercase HTTP method "post" is deprecated. Use uppercase HTTP method like "POST".', 16384)
 2 APPPATH\Config\Routes.php(304): CodeIgniter\Router\RouteCollection->match([...], 'gingembre/saveGeneric', 'salle_2\\Salle2AdminController::saveGeneric')
 3 SYSTEMPATH\Router\RouteCollection.php(339): require('C:\\wamp64\\www\\ProjetMadeInValDeLoire\\app\\Config\\Routes.php')
 4 SYSTEMPATH\CodeIgniter.php(821): CodeIgniter\Router\RouteCollection->loadRoutes()
 5 SYSTEMPATH\CodeIgniter.php(455): CodeIgniter\CodeIgniter->tryToRouteIt(null)
 6 SYSTEMPATH\CodeIgniter.php(354): CodeIgniter\CodeIgniter->handleRequest(null, Object(Config\Cache), false)
 7 SYSTEMPATH\Boot.php(363): CodeIgniter\CodeIgniter->run()
 8 SYSTEMPATH\Boot.php(68): CodeIgniter\Boot::runCodeIgniter(Object(CodeIgniter\CodeIgniter))
 9 FCPATH\index.php(59): CodeIgniter\Boot::bootWeb(Object(Config\Paths))
WARNING - 2026-04-29 09:42:33 --> [DEPRECATED] Passing lowercase HTTP method "get" is deprecated. Use uppercase HTTP method like "GET". in SYSTEMPATH\Router\RouteCollection.php on line 1026.
 1 SYSTEMPATH\Router\RouteCollection.php(1026): trigger_error('Passing lowercase HTTP method "get" is deprecated. Use uppercase HTTP method like "GET".', 16384)
 2 APPPATH\Config\Routes.php(320): CodeIgniter\Router\RouteCollection->match([...], 'demarrer/(:segment)', 'Quiz\\QuizControlleur::choix/$1')
 3 SYSTEMPATH\Router\RouteCollection.php(799): CodeIgniter\Router\RouteCollection->{closure}(Object(CodeIgniter\Router\RouteCollection))
 4 APPPATH\Config\Routes.php(318): CodeIgniter\Router\RouteCollection->group('quiz', Object(Closure))
 5 SYSTEMPATH\Router\RouteCollection.php(339): require('C:\\wamp64\\www\\ProjetMadeInValDeLoire\\app\\Config\\Routes.php')
 6 SYSTEMPATH\CodeIgniter.php(821): CodeIgniter\Router\RouteCollection->loadRoutes()
 7 SYSTEMPATH\CodeIgniter.php(455): CodeIgniter\CodeIgniter->tryToRouteIt(null)
 8 SYSTEMPATH\CodeIgniter.php(354): CodeIgniter\CodeIgniter->handleRequest(null, Object(Config\Cache), false)
 9 SYSTEMPATH\Boot.php(363): CodeIgniter\CodeIgniter->run()
10 SYSTEMPATH\Boot.php(68): CodeIgniter\Boot::runCodeIgniter(Object(CodeIgniter\CodeIgniter))
11 FCPATH\index.php(59): CodeIgniter\Boot::bootWeb(Object(Config\Paths))
WARNING - 2026-04-29 09:42:33 --> [DEPRECATED] Passing lowercase HTTP method "post" is deprecated. Use uppercase HTTP method like "POST". in SYSTEMPATH\Router\RouteCollection.php on line 1026.
 1 SYSTEMPATH\Router\RouteCollection.php(1026): trigger_error('Passing lowercase HTTP method "post" is deprecated. Use uppercase HTTP method like "POST".', 16384)
 2 APPPATH\Config\Routes.php(320): CodeIgniter\Router\RouteCollection->match([...], 'demarrer/(:segment)', 'Quiz\\QuizControlleur::choix/$1')
 3 SYSTEMPATH\Router\RouteCollection.php(799): CodeIgniter\Router\RouteCollection->{closure}(Object(CodeIgniter\Router\RouteCollection))
 4 APPPATH\Config\Routes.php(318): CodeIgniter\Router\RouteCollection->group('quiz', Object(Closure))
 5 SYSTEMPATH\Router\RouteCollection.php(339): require('C:\\wamp64\\www\\ProjetMadeInValDeLoire\\app\\Config\\Routes.php')
 6 SYSTEMPATH\CodeIgniter.php(821): CodeIgniter\Router\RouteCollection->loadRoutes()
 7 SYSTEMPATH\CodeIgniter.php(455): CodeIgniter\CodeIgniter->tryToRouteIt(null)
 8 SYSTEMPATH\CodeIgniter.php(354): CodeIgniter\CodeIgniter->handleRequest(null, Object(Config\Cache), false)
 9 SYSTEMPATH\Boot.php(363): CodeIgniter\CodeIgniter->run()
10 SYSTEMPATH\Boot.php(68): CodeIgniter\Boot::runCodeIgniter(Object(CodeIgniter\CodeIgniter))
11 FCPATH\index.php(59): CodeIgniter\Boot::bootWeb(Object(Config\Paths))
WARNING - 2026-04-29 09:42:33 --> [DEPRECATED] Passing lowercase HTTP method "get" is deprecated. Use uppercase HTTP method like "GET". in SYSTEMPATH\Router\RouteCollection.php on line 1026.
 1 SYSTEMPATH\Router\RouteCollection.php(1026): trigger_error('Passing lowercase HTTP method "get" is deprecated. Use uppercase HTTP method like "GET".', 16384)
 2 APPPATH\Config\Routes.php(342): CodeIgniter\Router\RouteCollection->match([...], 'Etape2', 'salle_2\\Salle2Controller::Etape2')
 3 SYSTEMPATH\Router\RouteCollection.php(799): CodeIgniter\Router\RouteCollection->{closure}(Object(CodeIgniter\Router\RouteCollection))
 4 APPPATH\Config\Routes.php(335): CodeIgniter\Router\RouteCollection->group('Salle2', Object(Closure))
 5 SYSTEMPATH\Router\RouteCollection.php(339): require('C:\\wamp64\\www\\ProjetMadeInValDeLoire\\app\\Config\\Routes.php')
 6 SYSTEMPATH\CodeIgniter.php(821): CodeIgniter\Router\RouteCollection->loadRoutes()
 7 SYSTEMPATH\CodeIgniter.php(455): CodeIgniter\CodeIgniter->tryToRouteIt(null)
 8 SYSTEMPATH\CodeIgniter.php(354): CodeIgniter\CodeIgniter->handleRequest(null, Object(Config\Cache), false)
 9 SYSTEMPATH\Boot.php(363): CodeIgniter\CodeIgniter->run()
10 SYSTEMPATH\Boot.php(68): CodeIgniter\Boot::runCodeIgniter(Object(CodeIgniter\CodeIgniter))
11 FCPATH\index.php(59): CodeIgniter\Boot::bootWeb(Object(Config\Paths))
WARNING - 2026-04-29 09:42:33 --> [DEPRECATED] Passing lowercase HTTP method "post" is deprecated. Use uppercase HTTP method like "POST". in SYSTEMPATH\Router\RouteCollection.php on line 1026.
 1 SYSTEMPATH\Router\RouteCollection.php(1026): trigger_error('Passing lowercase HTTP method "post" is deprecated. Use uppercase HTTP method like "POST".', 16384)
 2 APPPATH\Config\Routes.php(342): CodeIgniter\Router\RouteCollection->match([...], 'Etape2', 'salle_2\\Salle2Controller::Etape2')
 3 SYSTEMPATH\Router\RouteCollection.php(799): CodeIgniter\Router\RouteCollection->{closure}(Object(CodeIgniter\Router\RouteCollection))
 4 APPPATH\Config\Routes.php(335): CodeIgniter\Router\RouteCollection->group('Salle2', Object(Closure))
 5 SYSTEMPATH\Router\RouteCollection.php(339): require('C:\\wamp64\\www\\ProjetMadeInValDeLoire\\app\\Config\\Routes.php')
 6 SYSTEMPATH\CodeIgniter.php(821): CodeIgniter\Router\RouteCollection->loadRoutes()
 7 SYSTEMPATH\CodeIgniter.php(455): CodeIgniter\CodeIgniter->tryToRouteIt(null)
 8 SYSTEMPATH\CodeIgniter.php(354): CodeIgniter\CodeIgniter->handleRequest(null, Object(Config\Cache), false)
 9 SYSTEMPATH\Boot.php(363): CodeIgniter\CodeIgniter->run()
10 SYSTEMPATH\Boot.php(68): CodeIgniter\Boot::runCodeIgniter(Object(CodeIgniter\CodeIgniter))
11 FCPATH\index.php(59): CodeIgniter\Boot::bootWeb(Object(Config\Paths))
WARNING - 2026-04-29 09:42:33 --> [DEPRECATED] Passing lowercase HTTP method "get" is deprecated. Use uppercase HTTP method like "GET". in SYSTEMPATH\Router\RouteCollection.php on line 1026.
 1 SYSTEMPATH\Router\RouteCollection.php(1026): trigger_error('Passing lowercase HTTP method "get" is deprecated. Use uppercase HTTP method like "GET".', 16384)
 2 APPPATH\Config\Routes.php(343): CodeIgniter\Router\RouteCollection->match([...], 'Etape2a', 'salle_2\\Salle2Controller::Etape2a')
 3 SYSTEMPATH\Router\RouteCollection.php(799): CodeIgniter\Router\RouteCollection->{closure}(Object(CodeIgniter\Router\RouteCollection))
 4 APPPATH\Config\Routes.php(335): CodeIgniter\Router\RouteCollection->group('Salle2', Object(Closure))
 5 SYSTEMPATH\Router\RouteCollection.php(339): require('C:\\wamp64\\www\\ProjetMadeInValDeLoire\\app\\Config\\Routes.php')
 6 SYSTEMPATH\CodeIgniter.php(821): CodeIgniter\Router\RouteCollection->loadRoutes()
 7 SYSTEMPATH\CodeIgniter.php(455): CodeIgniter\CodeIgniter->tryToRouteIt(null)
 8 SYSTEMPATH\CodeIgniter.php(354): CodeIgniter\CodeIgniter->handleRequest(null, Object(Config\Cache), false)
 9 SYSTEMPATH\Boot.php(363): CodeIgniter\CodeIgniter->run()
10 SYSTEMPATH\Boot.php(68): CodeIgniter\Boot::runCodeIgniter(Object(CodeIgniter\CodeIgniter))
11 FCPATH\index.php(59): CodeIgniter\Boot::bootWeb(Object(Config\Paths))
WARNING - 2026-04-29 09:42:33 --> [DEPRECATED] Passing lowercase HTTP method "post" is deprecated. Use uppercase HTTP method like "POST". in SYSTEMPATH\Router\RouteCollection.php on line 1026.
 1 SYSTEMPATH\Router\RouteCollection.php(1026): trigger_error('Passing lowercase HTTP method "post" is deprecated. Use uppercase HTTP method like "POST".', 16384)
 2 APPPATH\Config\Routes.php(343): CodeIgniter\Router\RouteCollection->match([...], 'Etape2a', 'salle_2\\Salle2Controller::Etape2a')
 3 SYSTEMPATH\Router\RouteCollection.php(799): CodeIgniter\Router\RouteCollection->{closure}(Object(CodeIgniter\Router\RouteCollection))
 4 APPPATH\Config\Routes.php(335): CodeIgniter\Router\RouteCollection->group('Salle2', Object(Closure))
 5 SYSTEMPATH\Router\RouteCollection.php(339): require('C:\\wamp64\\www\\ProjetMadeInValDeLoire\\app\\Config\\Routes.php')
 6 SYSTEMPATH\CodeIgniter.php(821): CodeIgniter\Router\RouteCollection->loadRoutes()
 7 SYSTEMPATH\CodeIgniter.php(455): CodeIgniter\CodeIgniter->tryToRouteIt(null)
 8 SYSTEMPATH\CodeIgniter.php(354): CodeIgniter\CodeIgniter->handleRequest(null, Object(Config\Cache), false)
 9 SYSTEMPATH\Boot.php(363): CodeIgniter\CodeIgniter->run()
10 SYSTEMPATH\Boot.php(68): CodeIgniter\Boot::runCodeIgniter(Object(CodeIgniter\CodeIgniter))
11 FCPATH\index.php(59): CodeIgniter\Boot::bootWeb(Object(Config\Paths))
WARNING - 2026-04-29 09:42:33 --> [DEPRECATED] Passing lowercase HTTP method "get" is deprecated. Use uppercase HTTP method like "GET". in SYSTEMPATH\Router\RouteCollection.php on line 1026.
 1 SYSTEMPATH\Router\RouteCollection.php(1026): trigger_error('Passing lowercase HTTP method "get" is deprecated. Use uppercase HTTP method like "GET".', 16384)
 2 APPPATH\Config\Routes.php(344): CodeIgniter\Router\RouteCollection->match([...], 'Etape3', 'salle_2\\Salle2Controller::Etape3')
 3 SYSTEMPATH\Router\RouteCollection.php(799): CodeIgniter\Router\RouteCollection->{closure}(Object(CodeIgniter\Router\RouteCollection))
 4 APPPATH\Config\Routes.php(335): CodeIgniter\Router\RouteCollection->group('Salle2', Object(Closure))
 5 SYSTEMPATH\Router\RouteCollection.php(339): require('C:\\wamp64\\www\\ProjetMadeInValDeLoire\\app\\Config\\Routes.php')
 6 SYSTEMPATH\CodeIgniter.php(821): CodeIgniter\Router\RouteCollection->loadRoutes()
 7 SYSTEMPATH\CodeIgniter.php(455): CodeIgniter\CodeIgniter->tryToRouteIt(null)
 8 SYSTEMPATH\CodeIgniter.php(354): CodeIgniter\CodeIgniter->handleRequest(null, Object(Config\Cache), false)
 9 SYSTEMPATH\Boot.php(363): CodeIgniter\CodeIgniter->run()
10 SYSTEMPATH\Boot.php(68): CodeIgniter\Boot::runCodeIgniter(Object(CodeIgniter\CodeIgniter))
11 FCPATH\index.php(59): CodeIgniter\Boot::bootWeb(Object(Config\Paths))
WARNING - 2026-04-29 09:42:33 --> [DEPRECATED] Passing lowercase HTTP method "post" is deprecated. Use uppercase HTTP method like "POST". in SYSTEMPATH\Router\RouteCollection.php on line 1026.
 1 SYSTEMPATH\Router\RouteCollection.php(1026): trigger_error('Passing lowercase HTTP method "post" is deprecated. Use uppercase HTTP method like "POST".', 16384)
 2 APPPATH\Config\Routes.php(344): CodeIgniter\Router\RouteCollection->match([...], 'Etape3', 'salle_2\\Salle2Controller::Etape3')
 3 SYSTEMPATH\Router\RouteCollection.php(799): CodeIgniter\Router\RouteCollection->{closure}(Object(CodeIgniter\Router\RouteCollection))
 4 APPPATH\Config\Routes.php(335): CodeIgniter\Router\RouteCollection->group('Salle2', Object(Closure))
 5 SYSTEMPATH\Router\RouteCollection.php(339): require('C:\\wamp64\\www\\ProjetMadeInValDeLoire\\app\\Config\\Routes.php')
 6 SYSTEMPATH\CodeIgniter.php(821): CodeIgniter\Router\RouteCollection->loadRoutes()
 7 SYSTEMPATH\CodeIgniter.php(455): CodeIgniter\CodeIgniter->tryToRouteIt(null)
 8 SYSTEMPATH\CodeIgniter.php(354): CodeIgniter\CodeIgniter->handleRequest(null, Object(Config\Cache), false)
 9 SYSTEMPATH\Boot.php(363): CodeIgniter\CodeIgniter->run()
10 SYSTEMPATH\Boot.php(68): CodeIgniter\Boot::runCodeIgniter(Object(CodeIgniter\CodeIgniter))
11 FCPATH\index.php(59): CodeIgniter\Boot::bootWeb(Object(Config\Paths))
WARNING - 2026-04-29 09:42:33 --> [DEPRECATED] Passing lowercase HTTP method "get" is deprecated. Use uppercase HTTP method like "GET". in SYSTEMPATH\Router\RouteCollection.php on line 1026.
 1 SYSTEMPATH\Router\RouteCollection.php(1026): trigger_error('Passing lowercase HTTP method "get" is deprecated. Use uppercase HTTP method like "GET".', 16384)
 2 APPPATH\Config\Routes.php(348): CodeIgniter\Router\RouteCollection->match([...], 'Etape5', 'salle_2\\Salle2Controller::Etape5')
 3 SYSTEMPATH\Router\RouteCollection.php(799): CodeIgniter\Router\RouteCollection->{closure}(Object(CodeIgniter\Router\RouteCollection))
 4 APPPATH\Config\Routes.php(335): CodeIgniter\Router\RouteCollection->group('Salle2', Object(Closure))
 5 SYSTEMPATH\Router\RouteCollection.php(339): require('C:\\wamp64\\www\\ProjetMadeInValDeLoire\\app\\Config\\Routes.php')
 6 SYSTEMPATH\CodeIgniter.php(821): CodeIgniter\Router\RouteCollection->loadRoutes()
 7 SYSTEMPATH\CodeIgniter.php(455): CodeIgniter\CodeIgniter->tryToRouteIt(null)
 8 SYSTEMPATH\CodeIgniter.php(354): CodeIgniter\CodeIgniter->handleRequest(null, Object(Config\Cache), false)
 9 SYSTEMPATH\Boot.php(363): CodeIgniter\CodeIgniter->run()
10 SYSTEMPATH\Boot.php(68): CodeIgniter\Boot::runCodeIgniter(Object(CodeIgniter\CodeIgniter))
11 FCPATH\index.php(59): CodeIgniter\Boot::bootWeb(Object(Config\Paths))
WARNING - 2026-04-29 09:42:33 --> [DEPRECATED] Passing lowercase HTTP method "post" is deprecated. Use uppercase HTTP method like "POST". in SYSTEMPATH\Router\RouteCollection.php on line 1026.
 1 SYSTEMPATH\Router\RouteCollection.php(1026): trigger_error('Passing lowercase HTTP method "post" is deprecated. Use uppercase HTTP method like "POST".', 16384)
 2 APPPATH\Config\Routes.php(348): CodeIgniter\Router\RouteCollection->match([...], 'Etape5', 'salle_2\\Salle2Controller::Etape5')
 3 SYSTEMPATH\Router\RouteCollection.php(799): CodeIgniter\Router\RouteCollection->{closure}(Object(CodeIgniter\Router\RouteCollection))
 4 APPPATH\Config\Routes.php(335): CodeIgniter\Router\RouteCollection->group('Salle2', Object(Closure))
 5 SYSTEMPATH\Router\RouteCollection.php(339): require('C:\\wamp64\\www\\ProjetMadeInValDeLoire\\app\\Config\\Routes.php')
 6 SYSTEMPATH\CodeIgniter.php(821): CodeIgniter\Router\RouteCollection->loadRoutes()
 7 SYSTEMPATH\CodeIgniter.php(455): CodeIgniter\CodeIgniter->tryToRouteIt(null)
 8 SYSTEMPATH\CodeIgniter.php(354): CodeIgniter\CodeIgniter->handleRequest(null, Object(Config\Cache), false)
 9 SYSTEMPATH\Boot.php(363): CodeIgniter\CodeIgniter->run()
10 SYSTEMPATH\Boot.php(68): CodeIgniter\Boot::runCodeIgniter(Object(CodeIgniter\CodeIgniter))
11 FCPATH\index.php(59): CodeIgniter\Boot::bootWeb(Object(Config\Paths))
DEBUG - 2026-04-29 09:42:33 --> Session: Class initialized using 'CodeIgniter\Session\Handlers\FileHandler' driver.
WARNING - 2026-04-29 09:42:34 --> [DEPRECATED] Passing lowercase HTTP method "get" is deprecated. Use uppercase HTTP method like "GET". in SYSTEMPATH\Router\RouteCollection.php on line 1026.
 1 SYSTEMPATH\Router\RouteCollection.php(1026): trigger_error('Passing lowercase HTTP method "get" is deprecated. Use uppercase HTTP method like "GET".', 16384)
 2 APPPATH\Config\Routes.php(304): CodeIgniter\Router\RouteCollection->match([...], 'gingembre/saveGeneric', 'salle_2\\Salle2AdminController::saveGeneric')
 3 SYSTEMPATH\Router\RouteCollection.php(339): require('C:\\wamp64\\www\\ProjetMadeInValDeLoire\\app\\Config\\Routes.php')
 4 SYSTEMPATH\CodeIgniter.php(821): CodeIgniter\Router\RouteCollection->loadRoutes()
 5 SYSTEMPATH\CodeIgniter.php(455): CodeIgniter\CodeIgniter->tryToRouteIt(null)
 6 SYSTEMPATH\CodeIgniter.php(354): CodeIgniter\CodeIgniter->handleRequest(null, Object(Config\Cache), false)
 7 SYSTEMPATH\Boot.php(363): CodeIgniter\CodeIgniter->run()
 8 SYSTEMPATH\Boot.php(68): CodeIgniter\Boot::runCodeIgniter(Object(CodeIgniter\CodeIgniter))
 9 FCPATH\index.php(59): CodeIgniter\Boot::bootWeb(Object(Config\Paths))
WARNING - 2026-04-29 09:42:34 --> [DEPRECATED] Passing lowercase HTTP method "post" is deprecated. Use uppercase HTTP method like "POST". in SYSTEMPATH\Router\RouteCollection.php on line 1026.
 1 SYSTEMPATH\Router\RouteCollection.php(1026): trigger_error('Passing lowercase HTTP method "post" is deprecated. Use uppercase HTTP method like "POST".', 16384)
 2 APPPATH\Config\Routes.php(304): CodeIgniter\Router\RouteCollection->match([...], 'gingembre/saveGeneric', 'salle_2\\Salle2AdminController::saveGeneric')
 3 SYSTEMPATH\Router\RouteCollection.php(339): require('C:\\wamp64\\www\\ProjetMadeInValDeLoire\\app\\Config\\Routes.php')
 4 SYSTEMPATH\CodeIgniter.php(821): CodeIgniter\Router\RouteCollection->loadRoutes()
 5 SYSTEMPATH\CodeIgniter.php(455): CodeIgniter\CodeIgniter->tryToRouteIt(null)
 6 SYSTEMPATH\CodeIgniter.php(354): CodeIgniter\CodeIgniter->handleRequest(null, Object(Config\Cache), false)
 7 SYSTEMPATH\Boot.php(363): CodeIgniter\CodeIgniter->run()
 8 SYSTEMPATH\Boot.php(68): CodeIgniter\Boot::runCodeIgniter(Object(CodeIgniter\CodeIgniter))
 9 FCPATH\index.php(59): CodeIgniter\Boot::bootWeb(Object(Config\Paths))
WARNING - 2026-04-29 09:42:34 --> [DEPRECATED] Passing lowercase HTTP method "get" is deprecated. Use uppercase HTTP method like "GET". in SYSTEMPATH\Router\RouteCollection.php on line 1026.
 1 SYSTEMPATH\Router\RouteCollection.php(1026): trigger_error('Passing lowercase HTTP method "get" is deprecated. Use uppercase HTTP method like "GET".', 16384)
 2 APPPATH\Config\Routes.php(320): CodeIgniter\Router\RouteCollection->match([...], 'demarrer/(:segment)', 'Quiz\\QuizControlleur::choix/$1')
 3 SYSTEMPATH\Router\RouteCollection.php(799): CodeIgniter\Router\RouteCollection->{closure}(Object(CodeIgniter\Router\RouteCollection))
 4 APPPATH\Config\Routes.php(318): CodeIgniter\Router\RouteCollection->group('quiz', Object(Closure))
 5 SYSTEMPATH\Router\RouteCollection.php(339): require('C:\\wamp64\\www\\ProjetMadeInValDeLoire\\app\\Config\\Routes.php')
 6 SYSTEMPATH\CodeIgniter.php(821): CodeIgniter\Router\RouteCollection->loadRoutes()
 7 SYSTEMPATH\CodeIgniter.php(455): CodeIgniter\CodeIgniter->tryToRouteIt(null)
 8 SYSTEMPATH\CodeIgniter.php(354): CodeIgniter\CodeIgniter->handleRequest(null, Object(Config\Cache), false)
 9 SYSTEMPATH\Boot.php(363): CodeIgniter\CodeIgniter->run()
10 SYSTEMPATH\Boot.php(68): CodeIgniter\Boot::runCodeIgniter(Object(CodeIgniter\CodeIgniter))
11 FCPATH\index.php(59): CodeIgniter\Boot::bootWeb(Object(Config\Paths))
WARNING - 2026-04-29 09:42:34 --> [DEPRECATED] Passing lowercase HTTP method "post" is deprecated. Use uppercase HTTP method like "POST". in SYSTEMPATH\Router\RouteCollection.php on line 1026.
 1 SYSTEMPATH\Router\RouteCollection.php(1026): trigger_error('Passing lowercase HTTP method "post" is deprecated. Use uppercase HTTP method like "POST".', 16384)
 2 APPPATH\Config\Routes.php(320): CodeIgniter\Router\RouteCollection->match([...], 'demarrer/(:segment)', 'Quiz\\QuizControlleur::choix/$1')
 3 SYSTEMPATH\Router\RouteCollection.php(799): CodeIgniter\Router\RouteCollection->{closure}(Object(CodeIgniter\Router\RouteCollection))
 4 APPPATH\Config\Routes.php(318): CodeIgniter\Router\RouteCollection->group('quiz', Object(Closure))
 5 SYSTEMPATH\Router\RouteCollection.php(339): require('C:\\wamp64\\www\\ProjetMadeInValDeLoire\\app\\Config\\Routes.php')
 6 SYSTEMPATH\CodeIgniter.php(821): CodeIgniter\Router\RouteCollection->loadRoutes()
 7 SYSTEMPATH\CodeIgniter.php(455): CodeIgniter\CodeIgniter->tryToRouteIt(null)
 8 SYSTEMPATH\CodeIgniter.php(354): CodeIgniter\CodeIgniter->handleRequest(null, Object(Config\Cache), false)
 9 SYSTEMPATH\Boot.php(363): CodeIgniter\CodeIgniter->run()
10 SYSTEMPATH\Boot.php(68): CodeIgniter\Boot::runCodeIgniter(Object(CodeIgniter\CodeIgniter))
11 FCPATH\index.php(59): CodeIgniter\Boot::bootWeb(Object(Config\Paths))
WARNING - 2026-04-29 09:42:34 --> [DEPRECATED] Passing lowercase HTTP method "get" is deprecated. Use uppercase HTTP method like "GET". in SYSTEMPATH\Router\RouteCollection.php on line 1026.
 1 SYSTEMPATH\Router\RouteCollection.php(1026): trigger_error('Passing lowercase HTTP method "get" is deprecated. Use uppercase HTTP method like "GET".', 16384)
 2 APPPATH\Config\Routes.php(342): CodeIgniter\Router\RouteCollection->match([...], 'Etape2', 'salle_2\\Salle2Controller::Etape2')
 3 SYSTEMPATH\Router\RouteCollection.php(799): CodeIgniter\Router\RouteCollection->{closure}(Object(CodeIgniter\Router\RouteCollection))
 4 APPPATH\Config\Routes.php(335): CodeIgniter\Router\RouteCollection->group('Salle2', Object(Closure))
 5 SYSTEMPATH\Router\RouteCollection.php(339): require('C:\\wamp64\\www\\ProjetMadeInValDeLoire\\app\\Config\\Routes.php')
 6 SYSTEMPATH\CodeIgniter.php(821): CodeIgniter\Router\RouteCollection->loadRoutes()
 7 SYSTEMPATH\CodeIgniter.php(455): CodeIgniter\CodeIgniter->tryToRouteIt(null)
 8 SYSTEMPATH\CodeIgniter.php(354): CodeIgniter\CodeIgniter->handleRequest(null, Object(Config\Cache), false)
 9 SYSTEMPATH\Boot.php(363): CodeIgniter\CodeIgniter->run()
10 SYSTEMPATH\Boot.php(68): CodeIgniter\Boot::runCodeIgniter(Object(CodeIgniter\CodeIgniter))
11 FCPATH\index.php(59): CodeIgniter\Boot::bootWeb(Object(Config\Paths))
WARNING - 2026-04-29 09:42:34 --> [DEPRECATED] Passing lowercase HTTP method "post" is deprecated. Use uppercase HTTP method like "POST". in SYSTEMPATH\Router\RouteCollection.php on line 1026.
 1 SYSTEMPATH\Router\RouteCollection.php(1026): trigger_error('Passing lowercase HTTP method "post" is deprecated. Use uppercase HTTP method like "POST".', 16384)
 2 APPPATH\Config\Routes.php(342): CodeIgniter\Router\RouteCollection->match([...], 'Etape2', 'salle_2\\Salle2Controller::Etape2')
 3 SYSTEMPATH\Router\RouteCollection.php(799): CodeIgniter\Router\RouteCollection->{closure}(Object(CodeIgniter\Router\RouteCollection))
 4 APPPATH\Config\Routes.php(335): CodeIgniter\Router\RouteCollection->group('Salle2', Object(Closure))
 5 SYSTEMPATH\Router\RouteCollection.php(339): require('C:\\wamp64\\www\\ProjetMadeInValDeLoire\\app\\Config\\Routes.php')
 6 SYSTEMPATH\CodeIgniter.php(821): CodeIgniter\Router\RouteCollection->loadRoutes()
 7 SYSTEMPATH\CodeIgniter.php(455): CodeIgniter\CodeIgniter->tryToRouteIt(null)
 8 SYSTEMPATH\CodeIgniter.php(354): CodeIgniter\CodeIgniter->handleRequest(null, Object(Config\Cache), false)
 9 SYSTEMPATH\Boot.php(363): CodeIgniter\CodeIgniter->run()
10 SYSTEMPATH\Boot.php(68): CodeIgniter\Boot::runCodeIgniter(Object(CodeIgniter\CodeIgniter))
11 FCPATH\index.php(59): CodeIgniter\Boot::bootWeb(Object(Config\Paths))
WARNING - 2026-04-29 09:42:34 --> [DEPRECATED] Passing lowercase HTTP method "get" is deprecated. Use uppercase HTTP method like "GET". in SYSTEMPATH\Router\RouteCollection.php on line 1026.
 1 SYSTEMPATH\Router\RouteCollection.php(1026): trigger_error('Passing lowercase HTTP method "get" is deprecated. Use uppercase HTTP method like "GET".', 16384)
 2 APPPATH\Config\Routes.php(343): CodeIgniter\Router\RouteCollection->match([...], 'Etape2a', 'salle_2\\Salle2Controller::Etape2a')
 3 SYSTEMPATH\Router\RouteCollection.php(799): CodeIgniter\Router\RouteCollection->{closure}(Object(CodeIgniter\Router\RouteCollection))
 4 APPPATH\Config\Routes.php(335): CodeIgniter\Router\RouteCollection->group('Salle2', Object(Closure))
 5 SYSTEMPATH\Router\RouteCollection.php(339): require('C:\\wamp64\\www\\ProjetMadeInValDeLoire\\app\\Config\\Routes.php')
 6 SYSTEMPATH\CodeIgniter.php(821): CodeIgniter\Router\RouteCollection->loadRoutes()
 7 SYSTEMPATH\CodeIgniter.php(455): CodeIgniter\CodeIgniter->tryToRouteIt(null)
 8 SYSTEMPATH\CodeIgniter.php(354): CodeIgniter\CodeIgniter->handleRequest(null, Object(Config\Cache), false)
 9 SYSTEMPATH\Boot.php(363): CodeIgniter\CodeIgniter->run()
10 SYSTEMPATH\Boot.php(68): CodeIgniter\Boot::runCodeIgniter(Object(CodeIgniter\CodeIgniter))
11 FCPATH\index.php(59): CodeIgniter\Boot::bootWeb(Object(Config\Paths))
WARNING - 2026-04-29 09:42:34 --> [DEPRECATED] Passing lowercase HTTP method "post" is deprecated. Use uppercase HTTP method like "POST". in SYSTEMPATH\Router\RouteCollection.php on line 1026.
 1 SYSTEMPATH\Router\RouteCollection.php(1026): trigger_error('Passing lowercase HTTP method "post" is deprecated. Use uppercase HTTP method like "POST".', 16384)
 2 APPPATH\Config\Routes.php(343): CodeIgniter\Router\RouteCollection->match([...], 'Etape2a', 'salle_2\\Salle2Controller::Etape2a')
 3 SYSTEMPATH\Router\RouteCollection.php(799): CodeIgniter\Router\RouteCollection->{closure}(Object(CodeIgniter\Router\RouteCollection))
 4 APPPATH\Config\Routes.php(335): CodeIgniter\Router\RouteCollection->group('Salle2', Object(Closure))
 5 SYSTEMPATH\Router\RouteCollection.php(339): require('C:\\wamp64\\www\\ProjetMadeInValDeLoire\\app\\Config\\Routes.php')
 6 SYSTEMPATH\CodeIgniter.php(821): CodeIgniter\Router\RouteCollection->loadRoutes()
 7 SYSTEMPATH\CodeIgniter.php(455): CodeIgniter\CodeIgniter->tryToRouteIt(null)
 8 SYSTEMPATH\CodeIgniter.php(354): CodeIgniter\CodeIgniter->handleRequest(null, Object(Config\Cache), false)
 9 SYSTEMPATH\Boot.php(363): CodeIgniter\CodeIgniter->run()
10 SYSTEMPATH\Boot.php(68): CodeIgniter\Boot::runCodeIgniter(Object(CodeIgniter\CodeIgniter))
11 FCPATH\index.php(59): CodeIgniter\Boot::bootWeb(Object(Config\Paths))
WARNING - 2026-04-29 09:42:34 --> [DEPRECATED] Passing lowercase HTTP method "get" is deprecated. Use uppercase HTTP method like "GET". in SYSTEMPATH\Router\RouteCollection.php on line 1026.
 1 SYSTEMPATH\Router\RouteCollection.php(1026): trigger_error('Passing lowercase HTTP method "get" is deprecated. Use uppercase HTTP method like "GET".', 16384)
 2 APPPATH\Config\Routes.php(344): CodeIgniter\Router\RouteCollection->match([...], 'Etape3', 'salle_2\\Salle2Controller::Etape3')
 3 SYSTEMPATH\Router\RouteCollection.php(799): CodeIgniter\Router\RouteCollection->{closure}(Object(CodeIgniter\Router\RouteCollection))
 4 APPPATH\Config\Routes.php(335): CodeIgniter\Router\RouteCollection->group('Salle2', Object(Closure))
 5 SYSTEMPATH\Router\RouteCollection.php(339): require('C:\\wamp64\\www\\ProjetMadeInValDeLoire\\app\\Config\\Routes.php')
 6 SYSTEMPATH\CodeIgniter.php(821): CodeIgniter\Router\RouteCollection->loadRoutes()
 7 SYSTEMPATH\CodeIgniter.php(455): CodeIgniter\CodeIgniter->tryToRouteIt(null)
 8 SYSTEMPATH\CodeIgniter.php(354): CodeIgniter\CodeIgniter->handleRequest(null, Object(Config\Cache), false)
 9 SYSTEMPATH\Boot.php(363): CodeIgniter\CodeIgniter->run()
10 SYSTEMPATH\Boot.php(68): CodeIgniter\Boot::runCodeIgniter(Object(CodeIgniter\CodeIgniter))
11 FCPATH\index.php(59): CodeIgniter\Boot::bootWeb(Object(Config\Paths))
WARNING - 2026-04-29 09:42:34 --> [DEPRECATED] Passing lowercase HTTP method "post" is deprecated. Use uppercase HTTP method like "POST". in SYSTEMPATH\Router\RouteCollection.php on line 1026.
 1 SYSTEMPATH\Router\RouteCollection.php(1026): trigger_error('Passing lowercase HTTP method "post" is deprecated. Use uppercase HTTP method like "POST".', 16384)
 2 APPPATH\Config\Routes.php(344): CodeIgniter\Router\RouteCollection->match([...], 'Etape3', 'salle_2\\Salle2Controller::Etape3')
 3 SYSTEMPATH\Router\RouteCollection.php(799): CodeIgniter\Router\RouteCollection->{closure}(Object(CodeIgniter\Router\RouteCollection))
 4 APPPATH\Config\Routes.php(335): CodeIgniter\Router\RouteCollection->group('Salle2', Object(Closure))
 5 SYSTEMPATH\Router\RouteCollection.php(339): require('C:\\wamp64\\www\\ProjetMadeInValDeLoire\\app\\Config\\Routes.php')
 6 SYSTEMPATH\CodeIgniter.php(821): CodeIgniter\Router\RouteCollection->loadRoutes()
 7 SYSTEMPATH\CodeIgniter.php(455): CodeIgniter\CodeIgniter->tryToRouteIt(null)
 8 SYSTEMPATH\CodeIgniter.php(354): CodeIgniter\CodeIgniter->handleRequest(null, Object(Config\Cache), false)
 9 SYSTEMPATH\Boot.php(363): CodeIgniter\CodeIgniter->run()
10 SYSTEMPATH\Boot.php(68): CodeIgniter\Boot::runCodeIgniter(Object(CodeIgniter\CodeIgniter))
11 FCPATH\index.php(59): CodeIgniter\Boot::bootWeb(Object(Config\Paths))
WARNING - 2026-04-29 09:42:34 --> [DEPRECATED] Passing lowercase HTTP method "get" is deprecated. Use uppercase HTTP method like "GET". in SYSTEMPATH\Router\RouteCollection.php on line 1026.
 1 SYSTEMPATH\Router\RouteCollection.php(1026): trigger_error('Passing lowercase HTTP method "get" is deprecated. Use uppercase HTTP method like "GET".', 16384)
 2 APPPATH\Config\Routes.php(348): CodeIgniter\Router\RouteCollection->match([...], 'Etape5', 'salle_2\\Salle2Controller::Etape5')
 3 SYSTEMPATH\Router\RouteCollection.php(799): CodeIgniter\Router\RouteCollection->{closure}(Object(CodeIgniter\Router\RouteCollection))
 4 APPPATH\Config\Routes.php(335): CodeIgniter\Router\RouteCollection->group('Salle2', Object(Closure))
 5 SYSTEMPATH\Router\RouteCollection.php(339): require('C:\\wamp64\\www\\ProjetMadeInValDeLoire\\app\\Config\\Routes.php')
 6 SYSTEMPATH\CodeIgniter.php(821): CodeIgniter\Router\RouteCollection->loadRoutes()
 7 SYSTEMPATH\CodeIgniter.php(455): CodeIgniter\CodeIgniter->tryToRouteIt(null)
 8 SYSTEMPATH\CodeIgniter.php(354): CodeIgniter\CodeIgniter->handleRequest(null, Object(Config\Cache), false)
 9 SYSTEMPATH\Boot.php(363): CodeIgniter\CodeIgniter->run()
10 SYSTEMPATH\Boot.php(68): CodeIgniter\Boot::runCodeIgniter(Object(CodeIgniter\CodeIgniter))
11 FCPATH\index.php(59): CodeIgniter\Boot::bootWeb(Object(Config\Paths))
WARNING - 2026-04-29 09:42:34 --> [DEPRECATED] Passing lowercase HTTP method "post" is deprecated. Use uppercase HTTP method like "POST". in SYSTEMPATH\Router\RouteCollection.php on line 1026.
 1 SYSTEMPATH\Router\RouteCollection.php(1026): trigger_error('Passing lowercase HTTP method "post" is deprecated. Use uppercase HTTP method like "POST".', 16384)
 2 APPPATH\Config\Routes.php(348): CodeIgniter\Router\RouteCollection->match([...], 'Etape5', 'salle_2\\Salle2Controller::Etape5')
 3 SYSTEMPATH\Router\RouteCollection.php(799): CodeIgniter\Router\RouteCollection->{closure}(Object(CodeIgniter\Router\RouteCollection))
 4 APPPATH\Config\Routes.php(335): CodeIgniter\Router\RouteCollection->group('Salle2', Object(Closure))
 5 SYSTEMPATH\Router\RouteCollection.php(339): require('C:\\wamp64\\www\\ProjetMadeInValDeLoire\\app\\Config\\Routes.php')
 6 SYSTEMPATH\CodeIgniter.php(821): CodeIgniter\Router\RouteCollection->loadRoutes()
 7 SYSTEMPATH\CodeIgniter.php(455): CodeIgniter\CodeIgniter->tryToRouteIt(null)
 8 SYSTEMPATH\CodeIgniter.php(354): CodeIgniter\CodeIgniter->handleRequest(null, Object(Config\Cache), false)
 9 SYSTEMPATH\Boot.php(363): CodeIgniter\CodeIgniter->run()
10 SYSTEMPATH\Boot.php(68): CodeIgniter\Boot::runCodeIgniter(Object(CodeIgniter\CodeIgniter))
11 FCPATH\index.php(59): CodeIgniter\Boot::bootWeb(Object(Config\Paths))
DEBUG - 2026-04-29 09:42:34 --> Session: Class initialized using 'CodeIgniter\Session\Handlers\FileHandler' driver.
WARNING - 2026-04-29 09:43:03 --> [DEPRECATED] Passing lowercase HTTP method "get" is deprecated. Use uppercase HTTP method like "GET". in SYSTEMPATH\Router\RouteCollection.php on line 1026.
 1 SYSTEMPATH\Router\RouteCollection.php(1026): trigger_error('Passing lowercase HTTP method "get" is deprecated. Use uppercase HTTP method like "GET".', 16384)
 2 APPPATH\Config\Routes.php(304): CodeIgniter\Router\RouteCollection->match([...], 'gingembre/saveGeneric', 'salle_2\\Salle2AdminController::saveGeneric')
 3 SYSTEMPATH\Router\RouteCollection.php(339): require('C:\\wamp64\\www\\ProjetMadeInValDeLoire\\app\\Config\\Routes.php')
 4 SYSTEMPATH\CodeIgniter.php(821): CodeIgniter\Router\RouteCollection->loadRoutes()
 5 SYSTEMPATH\CodeIgniter.php(455): CodeIgniter\CodeIgniter->tryToRouteIt(null)
 6 SYSTEMPATH\CodeIgniter.php(354): CodeIgniter\CodeIgniter->handleRequest(null, Object(Config\Cache), false)
 7 SYSTEMPATH\Boot.php(363): CodeIgniter\CodeIgniter->run()
 8 SYSTEMPATH\Boot.php(68): CodeIgniter\Boot::runCodeIgniter(Object(CodeIgniter\CodeIgniter))
 9 FCPATH\index.php(59): CodeIgniter\Boot::bootWeb(Object(Config\Paths))
WARNING - 2026-04-29 09:43:03 --> [DEPRECATED] Passing lowercase HTTP method "post" is deprecated. Use uppercase HTTP method like "POST". in SYSTEMPATH\Router\RouteCollection.php on line 1026.
 1 SYSTEMPATH\Router\RouteCollection.php(1026): trigger_error('Passing lowercase HTTP method "post" is deprecated. Use uppercase HTTP method like "POST".', 16384)
 2 APPPATH\Config\Routes.php(304): CodeIgniter\Router\RouteCollection->match([...], 'gingembre/saveGeneric', 'salle_2\\Salle2AdminController::saveGeneric')
 3 SYSTEMPATH\Router\RouteCollection.php(339): require('C:\\wamp64\\www\\ProjetMadeInValDeLoire\\app\\Config\\Routes.php')
 4 SYSTEMPATH\CodeIgniter.php(821): CodeIgniter\Router\RouteCollection->loadRoutes()
 5 SYSTEMPATH\CodeIgniter.php(455): CodeIgniter\CodeIgniter->tryToRouteIt(null)
 6 SYSTEMPATH\CodeIgniter.php(354): CodeIgniter\CodeIgniter->handleRequest(null, Object(Config\Cache), false)
 7 SYSTEMPATH\Boot.php(363): CodeIgniter\CodeIgniter->run()
 8 SYSTEMPATH\Boot.php(68): CodeIgniter\Boot::runCodeIgniter(Object(CodeIgniter\CodeIgniter))
 9 FCPATH\index.php(59): CodeIgniter\Boot::bootWeb(Object(Config\Paths))
WARNING - 2026-04-29 09:43:03 --> [DEPRECATED] Passing lowercase HTTP method "get" is deprecated. Use uppercase HTTP method like "GET". in SYSTEMPATH\Router\RouteCollection.php on line 1026.
 1 SYSTEMPATH\Router\RouteCollection.php(1026): trigger_error('Passing lowercase HTTP method "get" is deprecated. Use uppercase HTTP method like "GET".', 16384)
 2 APPPATH\Config\Routes.php(320): CodeIgniter\Router\RouteCollection->match([...], 'demarrer/(:segment)', 'Quiz\\QuizControlleur::choix/$1')
 3 SYSTEMPATH\Router\RouteCollection.php(799): CodeIgniter\Router\RouteCollection->{closure}(Object(CodeIgniter\Router\RouteCollection))
 4 APPPATH\Config\Routes.php(318): CodeIgniter\Router\RouteCollection->group('quiz', Object(Closure))
 5 SYSTEMPATH\Router\RouteCollection.php(339): require('C:\\wamp64\\www\\ProjetMadeInValDeLoire\\app\\Config\\Routes.php')
 6 SYSTEMPATH\CodeIgniter.php(821): CodeIgniter\Router\RouteCollection->loadRoutes()
 7 SYSTEMPATH\CodeIgniter.php(455): CodeIgniter\CodeIgniter->tryToRouteIt(null)
 8 SYSTEMPATH\CodeIgniter.php(354): CodeIgniter\CodeIgniter->handleRequest(null, Object(Config\Cache), false)
 9 SYSTEMPATH\Boot.php(363): CodeIgniter\CodeIgniter->run()
10 SYSTEMPATH\Boot.php(68): CodeIgniter\Boot::runCodeIgniter(Object(CodeIgniter\CodeIgniter))
11 FCPATH\index.php(59): CodeIgniter\Boot::bootWeb(Object(Config\Paths))
WARNING - 2026-04-29 09:43:03 --> [DEPRECATED] Passing lowercase HTTP method "post" is deprecated. Use uppercase HTTP method like "POST". in SYSTEMPATH\Router\RouteCollection.php on line 1026.
 1 SYSTEMPATH\Router\RouteCollection.php(1026): trigger_error('Passing lowercase HTTP method "post" is deprecated. Use uppercase HTTP method like "POST".', 16384)
 2 APPPATH\Config\Routes.php(320): CodeIgniter\Router\RouteCollection->match([...], 'demarrer/(:segment)', 'Quiz\\QuizControlleur::choix/$1')
 3 SYSTEMPATH\Router\RouteCollection.php(799): CodeIgniter\Router\RouteCollection->{closure}(Object(CodeIgniter\Router\RouteCollection))
 4 APPPATH\Config\Routes.php(318): CodeIgniter\Router\RouteCollection->group('quiz', Object(Closure))
 5 SYSTEMPATH\Router\RouteCollection.php(339): require('C:\\wamp64\\www\\ProjetMadeInValDeLoire\\app\\Config\\Routes.php')
 6 SYSTEMPATH\CodeIgniter.php(821): CodeIgniter\Router\RouteCollection->loadRoutes()
 7 SYSTEMPATH\CodeIgniter.php(455): CodeIgniter\CodeIgniter->tryToRouteIt(null)
 8 SYSTEMPATH\CodeIgniter.php(354): CodeIgniter\CodeIgniter->handleRequest(null, Object(Config\Cache), false)
 9 SYSTEMPATH\Boot.php(363): CodeIgniter\CodeIgniter->run()
10 SYSTEMPATH\Boot.php(68): CodeIgniter\Boot::runCodeIgniter(Object(CodeIgniter\CodeIgniter))
11 FCPATH\index.php(59): CodeIgniter\Boot::bootWeb(Object(Config\Paths))
WARNING - 2026-04-29 09:43:03 --> [DEPRECATED] Passing lowercase HTTP method "get" is deprecated. Use uppercase HTTP method like "GET". in SYSTEMPATH\Router\RouteCollection.php on line 1026.
 1 SYSTEMPATH\Router\RouteCollection.php(1026): trigger_error('Passing lowercase HTTP method "get" is deprecated. Use uppercase HTTP method like "GET".', 16384)
 2 APPPATH\Config\Routes.php(342): CodeIgniter\Router\RouteCollection->match([...], 'Etape2', 'salle_2\\Salle2Controller::Etape2')
 3 SYSTEMPATH\Router\RouteCollection.php(799): CodeIgniter\Router\RouteCollection->{closure}(Object(CodeIgniter\Router\RouteCollection))
 4 APPPATH\Config\Routes.php(335): CodeIgniter\Router\RouteCollection->group('Salle2', Object(Closure))
 5 SYSTEMPATH\Router\RouteCollection.php(339): require('C:\\wamp64\\www\\ProjetMadeInValDeLoire\\app\\Config\\Routes.php')
 6 SYSTEMPATH\CodeIgniter.php(821): CodeIgniter\Router\RouteCollection->loadRoutes()
 7 SYSTEMPATH\CodeIgniter.php(455): CodeIgniter\CodeIgniter->tryToRouteIt(null)
 8 SYSTEMPATH\CodeIgniter.php(354): CodeIgniter\CodeIgniter->handleRequest(null, Object(Config\Cache), false)
 9 SYSTEMPATH\Boot.php(363): CodeIgniter\CodeIgniter->run()
10 SYSTEMPATH\Boot.php(68): CodeIgniter\Boot::runCodeIgniter(Object(CodeIgniter\CodeIgniter))
11 FCPATH\index.php(59): CodeIgniter\Boot::bootWeb(Object(Config\Paths))
WARNING - 2026-04-29 09:43:03 --> [DEPRECATED] Passing lowercase HTTP method "post" is deprecated. Use uppercase HTTP method like "POST". in SYSTEMPATH\Router\RouteCollection.php on line 1026.
 1 SYSTEMPATH\Router\RouteCollection.php(1026): trigger_error('Passing lowercase HTTP method "post" is deprecated. Use uppercase HTTP method like "POST".', 16384)
 2 APPPATH\Config\Routes.php(342): CodeIgniter\Router\RouteCollection->match([...], 'Etape2', 'salle_2\\Salle2Controller::Etape2')
 3 SYSTEMPATH\Router\RouteCollection.php(799): CodeIgniter\Router\RouteCollection->{closure}(Object(CodeIgniter\Router\RouteCollection))
 4 APPPATH\Config\Routes.php(335): CodeIgniter\Router\RouteCollection->group('Salle2', Object(Closure))
 5 SYSTEMPATH\Router\RouteCollection.php(339): require('C:\\wamp64\\www\\ProjetMadeInValDeLoire\\app\\Config\\Routes.php')
 6 SYSTEMPATH\CodeIgniter.php(821): CodeIgniter\Router\RouteCollection->loadRoutes()
 7 SYSTEMPATH\CodeIgniter.php(455): CodeIgniter\CodeIgniter->tryToRouteIt(null)
 8 SYSTEMPATH\CodeIgniter.php(354): CodeIgniter\CodeIgniter->handleRequest(null, Object(Config\Cache), false)
 9 SYSTEMPATH\Boot.php(363): CodeIgniter\CodeIgniter->run()
10 SYSTEMPATH\Boot.php(68): CodeIgniter\Boot::runCodeIgniter(Object(CodeIgniter\CodeIgniter))
11 FCPATH\index.php(59): CodeIgniter\Boot::bootWeb(Object(Config\Paths))
WARNING - 2026-04-29 09:43:03 --> [DEPRECATED] Passing lowercase HTTP method "get" is deprecated. Use uppercase HTTP method like "GET". in SYSTEMPATH\Router\RouteCollection.php on line 1026.
 1 SYSTEMPATH\Router\RouteCollection.php(1026): trigger_error('Passing lowercase HTTP method "get" is deprecated. Use uppercase HTTP method like "GET".', 16384)
 2 APPPATH\Config\Routes.php(343): CodeIgniter\Router\RouteCollection->match([...], 'Etape2a', 'salle_2\\Salle2Controller::Etape2a')
 3 SYSTEMPATH\Router\RouteCollection.php(799): CodeIgniter\Router\RouteCollection->{closure}(Object(CodeIgniter\Router\RouteCollection))
 4 APPPATH\Config\Routes.php(335): CodeIgniter\Router\RouteCollection->group('Salle2', Object(Closure))
 5 SYSTEMPATH\Router\RouteCollection.php(339): require('C:\\wamp64\\www\\ProjetMadeInValDeLoire\\app\\Config\\Routes.php')
 6 SYSTEMPATH\CodeIgniter.php(821): CodeIgniter\Router\RouteCollection->loadRoutes()
 7 SYSTEMPATH\CodeIgniter.php(455): CodeIgniter\CodeIgniter->tryToRouteIt(null)
 8 SYSTEMPATH\CodeIgniter.php(354): CodeIgniter\CodeIgniter->handleRequest(null, Object(Config\Cache), false)
 9 SYSTEMPATH\Boot.php(363): CodeIgniter\CodeIgniter->run()
10 SYSTEMPATH\Boot.php(68): CodeIgniter\Boot::runCodeIgniter(Object(CodeIgniter\CodeIgniter))
11 FCPATH\index.php(59): CodeIgniter\Boot::bootWeb(Object(Config\Paths))
WARNING - 2026-04-29 09:43:03 --> [DEPRECATED] Passing lowercase HTTP method "post" is deprecated. Use uppercase HTTP method like "POST". in SYSTEMPATH\Router\RouteCollection.php on line 1026.
 1 SYSTEMPATH\Router\RouteCollection.php(1026): trigger_error('Passing lowercase HTTP method "post" is deprecated. Use uppercase HTTP method like "POST".', 16384)
 2 APPPATH\Config\Routes.php(343): CodeIgniter\Router\RouteCollection->match([...], 'Etape2a', 'salle_2\\Salle2Controller::Etape2a')
 3 SYSTEMPATH\Router\RouteCollection.php(799): CodeIgniter\Router\RouteCollection->{closure}(Object(CodeIgniter\Router\RouteCollection))
 4 APPPATH\Config\Routes.php(335): CodeIgniter\Router\RouteCollection->group('Salle2', Object(Closure))
 5 SYSTEMPATH\Router\RouteCollection.php(339): require('C:\\wamp64\\www\\ProjetMadeInValDeLoire\\app\\Config\\Routes.php')
 6 SYSTEMPATH\CodeIgniter.php(821): CodeIgniter\Router\RouteCollection->loadRoutes()
 7 SYSTEMPATH\CodeIgniter.php(455): CodeIgniter\CodeIgniter->tryToRouteIt(null)
 8 SYSTEMPATH\CodeIgniter.php(354): CodeIgniter\CodeIgniter->handleRequest(null, Object(Config\Cache), false)
 9 SYSTEMPATH\Boot.php(363): CodeIgniter\CodeIgniter->run()
10 SYSTEMPATH\Boot.php(68): CodeIgniter\Boot::runCodeIgniter(Object(CodeIgniter\CodeIgniter))
11 FCPATH\index.php(59): CodeIgniter\Boot::bootWeb(Object(Config\Paths))
WARNING - 2026-04-29 09:43:03 --> [DEPRECATED] Passing lowercase HTTP method "get" is deprecated. Use uppercase HTTP method like "GET". in SYSTEMPATH\Router\RouteCollection.php on line 1026.
 1 SYSTEMPATH\Router\RouteCollection.php(1026): trigger_error('Passing lowercase HTTP method "get" is deprecated. Use uppercase HTTP method like "GET".', 16384)
 2 APPPATH\Config\Routes.php(344): CodeIgniter\Router\RouteCollection->match([...], 'Etape3', 'salle_2\\Salle2Controller::Etape3')
 3 SYSTEMPATH\Router\RouteCollection.php(799): CodeIgniter\Router\RouteCollection->{closure}(Object(CodeIgniter\Router\RouteCollection))
 4 APPPATH\Config\Routes.php(335): CodeIgniter\Router\RouteCollection->group('Salle2', Object(Closure))
 5 SYSTEMPATH\Router\RouteCollection.php(339): require('C:\\wamp64\\www\\ProjetMadeInValDeLoire\\app\\Config\\Routes.php')
 6 SYSTEMPATH\CodeIgniter.php(821): CodeIgniter\Router\RouteCollection->loadRoutes()
 7 SYSTEMPATH\CodeIgniter.php(455): CodeIgniter\CodeIgniter->tryToRouteIt(null)
 8 SYSTEMPATH\CodeIgniter.php(354): CodeIgniter\CodeIgniter->handleRequest(null, Object(Config\Cache), false)
 9 SYSTEMPATH\Boot.php(363): CodeIgniter\CodeIgniter->run()
10 SYSTEMPATH\Boot.php(68): CodeIgniter\Boot::runCodeIgniter(Object(CodeIgniter\CodeIgniter))
11 FCPATH\index.php(59): CodeIgniter\Boot::bootWeb(Object(Config\Paths))
WARNING - 2026-04-29 09:43:03 --> [DEPRECATED] Passing lowercase HTTP method "post" is deprecated. Use uppercase HTTP method like "POST". in SYSTEMPATH\Router\RouteCollection.php on line 1026.
 1 SYSTEMPATH\Router\RouteCollection.php(1026): trigger_error('Passing lowercase HTTP method "post" is deprecated. Use uppercase HTTP method like "POST".', 16384)
 2 APPPATH\Config\Routes.php(344): CodeIgniter\Router\RouteCollection->match([...], 'Etape3', 'salle_2\\Salle2Controller::Etape3')
 3 SYSTEMPATH\Router\RouteCollection.php(799): CodeIgniter\Router\RouteCollection->{closure}(Object(CodeIgniter\Router\RouteCollection))
 4 APPPATH\Config\Routes.php(335): CodeIgniter\Router\RouteCollection->group('Salle2', Object(Closure))
 5 SYSTEMPATH\Router\RouteCollection.php(339): require('C:\\wamp64\\www\\ProjetMadeInValDeLoire\\app\\Config\\Routes.php')
 6 SYSTEMPATH\CodeIgniter.php(821): CodeIgniter\Router\RouteCollection->loadRoutes()
 7 SYSTEMPATH\CodeIgniter.php(455): CodeIgniter\CodeIgniter->tryToRouteIt(null)
 8 SYSTEMPATH\CodeIgniter.php(354): CodeIgniter\CodeIgniter->handleRequest(null, Object(Config\Cache), false)
 9 SYSTEMPATH\Boot.php(363): CodeIgniter\CodeIgniter->run()
10 SYSTEMPATH\Boot.php(68): CodeIgniter\Boot::runCodeIgniter(Object(CodeIgniter\CodeIgniter))
11 FCPATH\index.php(59): CodeIgniter\Boot::bootWeb(Object(Config\Paths))
WARNING - 2026-04-29 09:43:03 --> [DEPRECATED] Passing lowercase HTTP method "get" is deprecated. Use uppercase HTTP method like "GET". in SYSTEMPATH\Router\RouteCollection.php on line 1026.
 1 SYSTEMPATH\Router\RouteCollection.php(1026): trigger_error('Passing lowercase HTTP method "get" is deprecated. Use uppercase HTTP method like "GET".', 16384)
 2 APPPATH\Config\Routes.php(348): CodeIgniter\Router\RouteCollection->match([...], 'Etape5', 'salle_2\\Salle2Controller::Etape5')
 3 SYSTEMPATH\Router\RouteCollection.php(799): CodeIgniter\Router\RouteCollection->{closure}(Object(CodeIgniter\Router\RouteCollection))
 4 APPPATH\Config\Routes.php(335): CodeIgniter\Router\RouteCollection->group('Salle2', Object(Closure))
 5 SYSTEMPATH\Router\RouteCollection.php(339): require('C:\\wamp64\\www\\ProjetMadeInValDeLoire\\app\\Config\\Routes.php')
 6 SYSTEMPATH\CodeIgniter.php(821): CodeIgniter\Router\RouteCollection->loadRoutes()
 7 SYSTEMPATH\CodeIgniter.php(455): CodeIgniter\CodeIgniter->tryToRouteIt(null)
 8 SYSTEMPATH\CodeIgniter.php(354): CodeIgniter\CodeIgniter->handleRequest(null, Object(Config\Cache), false)
 9 SYSTEMPATH\Boot.php(363): CodeIgniter\CodeIgniter->run()
10 SYSTEMPATH\Boot.php(68): CodeIgniter\Boot::runCodeIgniter(Object(CodeIgniter\CodeIgniter))
11 FCPATH\index.php(59): CodeIgniter\Boot::bootWeb(Object(Config\Paths))
WARNING - 2026-04-29 09:43:03 --> [DEPRECATED] Passing lowercase HTTP method "post" is deprecated. Use uppercase HTTP method like "POST". in SYSTEMPATH\Router\RouteCollection.php on line 1026.
 1 SYSTEMPATH\Router\RouteCollection.php(1026): trigger_error('Passing lowercase HTTP method "post" is deprecated. Use uppercase HTTP method like "POST".', 16384)
 2 APPPATH\Config\Routes.php(348): CodeIgniter\Router\RouteCollection->match([...], 'Etape5', 'salle_2\\Salle2Controller::Etape5')
 3 SYSTEMPATH\Router\RouteCollection.php(799): CodeIgniter\Router\RouteCollection->{closure}(Object(CodeIgniter\Router\RouteCollection))
 4 APPPATH\Config\Routes.php(335): CodeIgniter\Router\RouteCollection->group('Salle2', Object(Closure))
 5 SYSTEMPATH\Router\RouteCollection.php(339): require('C:\\wamp64\\www\\ProjetMadeInValDeLoire\\app\\Config\\Routes.php')
 6 SYSTEMPATH\CodeIgniter.php(821): CodeIgniter\Router\RouteCollection->loadRoutes()
 7 SYSTEMPATH\CodeIgniter.php(455): CodeIgniter\CodeIgniter->tryToRouteIt(null)
 8 SYSTEMPATH\CodeIgniter.php(354): CodeIgniter\CodeIgniter->handleRequest(null, Object(Config\Cache), false)
 9 SYSTEMPATH\Boot.php(363): CodeIgniter\CodeIgniter->run()
10 SYSTEMPATH\Boot.php(68): CodeIgniter\Boot::runCodeIgniter(Object(CodeIgniter\CodeIgniter))
11 FCPATH\index.php(59): CodeIgniter\Boot::bootWeb(Object(Config\Paths))
DEBUG - 2026-04-29 09:43:03 --> Session: Class initialized using 'CodeIgniter\Session\Handlers\FileHandler' driver.
